siteID,sites.sitename,city,state,country,lat,lon,masl,mat,min.temp,max.temp,map,soil,som,soilnotes,sitenotes,siteref,area,biogeog,Koeppen,FAOecozone
1,Virginia Park,Charters Towers,Queensland,Australia,-19.883333,146.553889,290,,17.1,30.1,667,"sandy loam, clay loam, heavy clay",Alfisol,"Sandy loams - clay loams in the A horizon, heavy clays in B horizon, generally low in nutrients","low open-woodland semi-arid eucalypt savanna, subject to heavy grazing pressure",,1,Australasia,Aw,Tropical shrubland
2,Atherton Wongabel,Athterton,Queensland,Australia,-17.32,145.5,760,,,,1560,,,"typical krasnozem ochrept; (0.53/0.12/0.34 sand/silt/clay, 0-30 cm)",,,2,Australasia,Cfa,Tropical rainforest
3,Atherton Gadgarra,Athterton,Queensland,Australia,-17.3,145.72,700,,,,2100,,,"typical krasnozem humox  (0.50/0.13/0.37 sand/silt/clay, 0-30 cm) ",,,2,Australasia,Cfa,Tropical rainforest
4,Atherton Tableland,Athterton,Queensland,Australia,-17.28,145.57,720,20,14.7,20.2,1427,,,dark red basaltic / krasnozem 0.15/0.38/0.47 sand/silt/clay (0-30 cm),,,2,Australasia,Cfa,Tropical rainforest
5,Territory Wildlife Park,Darwin,Northern Territory,Australia,-12.7,131,,27.3,,,1700,sand,,"well drained lateritic red and yellow earth soils, which tend to have A horizons of well drained, highly weathered sands.",,,3,Australasia,Aw,Tropical dry forest
6,Humpty Doo,Darwin,Northern Territory,Australia,-12.6,131.1667,,27.3,,,1700,sand,,"well drained lateritic red and yellow earth soils, which tend to have A horizons of well drained, highly weathered sands.",,,3,Australasia,Aw,Tropical dry forest
7,Howard Springs Fluxnet site,Darwin,Northern Territory,Australia,-12.4952,131.15005,,,,,1824,clay,Alfisol,red Kandosol (Oxic Paleustalf),Eucalypt savanna,site references: Fluxnet workshop 2007,3,Australasia,Aw,Tropical dry forest
8,Howard Springs 2,Darwin,Northern Territory,Australia,-12.4943,131.151993,,27.3,,,1700,sand,,"well drained lateritic red and yellow earth soils, which tend to have A horizons of well drained, highly weathered sands.",,,3,Australasia,Aw,Tropical dry forest
9,Howard Springs,Darwin,Northern Territory,Australia,-12.29,131.09,,,23.2,31.9,1750,"sand, sandy loam",Alfisol,red Kandosol (Oxic Paleustalf),"wet coastal tropical eucalypt savanna, subject to near-annual fire frequency",,3,Australasia,Aw,Tropical dry forest
10,Gunn Point,Darwin,Northern Territory,Australia,-12.2333,131.0833,,27.4,,,1700,sand,,"well drained lateritic red and yellow earth soils, which tend to have A horizons of well drained, highly weathered sands.",,,3,Australasia,Aw,Tropical dry forest
11,Cocoflux,,Sanma,Vanuatu,-15.43,167.15,80,25.1,,,2763,clay,,,,"site references:Roupsard et al 2006,,",4,Australasia,Af,Tropical rainforest
12,Alava,Tutuila,Eastern District,American Samoa,-14.264369,-170.688202,,26.9,,,3207,clay,Mollisol,Lithic Hapludoll-Rock outcrop association,ori coords fell in ocean. New coords from gmaps,,5,Oceania,Af,Tropical rainforest
13,Amalau,Tutuila,Eastern District,American Samoa,-14.256152,-170.661824,,26.9,,,3207,stony silty clay loam (talus),,"very stony silty clay loam (Nakamura 1984), hereafter referred to as ‘talus’ and characterized by a loose layer of variable-sized stones and rocks overlaying a clay soil",ori coords fell in ocean. New coords from gmaps,,5,Oceania,Af,Tropical rainforest
14,Vatia,Tutuila,Eastern District,American Samoa,-14.258231,-170.679165,,26.9,,,3207,clay,Mollisol,Lithic Hapludoll-Rock outcrop association,ori coords fell in ocean. New coords from gmaps,,5,Oceania,Af,Tropical rainforest
15,Maun- Mopane Woodland,Maun,North-West,Botswana,-19.91546,23.56047,950,,,,464,loam,,,SAVANNA WOODLAND,"site references:Fluxnet workshop 2007, Veenendal 2003",6,Afrotropics,BSh,Tropical dry forest
16,Reserva Ecologica do IBGE,Brasilia,Distrito Federal,Brazil,-15.933333,-47.85,,,,,1500,,Latosol,Red-yellow latosol,campo sujo savanna (cerrado),,7,Neotropics,Aw,Tropical mountain system
17,Surutú,,Santa Cruz,Bolivia,-17.5,-63.5,,23,,,1600,,Inceptisol,Stands surveyed in the alluvial zone were on dystric and vertic eutro- chrepts. The soils of the uplands are mostly quartzipsammentic haplothorps on dissected terraces to the north and typic paleudults on the piedmont to the southwest.,,,8,Neotropics,Aw,Tropical moist forest
18,Los Fierros Bosque I,,Santa Cruz,Bolivia,-14.61,-60.87,225,25.1,,,1373,,younger oxisol,terra firme,Dry season length 6.46 mths,,9,Neotropics,Aw,Tropical rainforest
19,Los Fierros Bosque II,,Santa Cruz,Bolivia,-14.6,-60.85,225,25.1,,,1373,,younger oxisol,terra firme,Dry season length 6.46 mths,,9,Neotropics,Aw,Tropical rainforest
20,Huanchaca Dos plot 2,,Santa Cruz,Bolivia,-14.57,-60.74,615,21.5,,,1504,,inceptisol,Gallery forest,Dry season length 6.44 mths,,9,Neotropics,Aw,Tropical rainforest
21,Huanchaca Dos plot 1,,Santa Cruz,Bolivia,-14.56,-60.75,615,21,,,1509,,inceptisol,Gallery forest,Dry season length 6.44 mths,,9,Neotropics,Aw,Tropical rainforest
22,Cerro Pelao 1,,Santa Cruz,Bolivia,-14.54,-61.48,350,24,,,1384,,inceptisol,Rock outcrop,Dry season length 6.49 mths,,10,Neotropics,Aw,Tropical rainforest
23,Cerro Pelao 2,,Santa Cruz,Bolivia,-14.53,-61.48,350,23.9,,,1388,,inceptisol,Rock outcrop,Dry season length 6.49 mths,,10,Neotropics,Aw,Tropical rainforest
24,Las Londras plot 1,,Santa Cruz,Bolivia ,-14.4,-61.13,170,24.9,,,1441,,ultisol (oxyaquic kandiudult),seasonally flooded,Dry season length 6 mths,,11,Neotropics,Aw,Tropical rainforest
25,Las Londras plot 2,,Santa Cruz,Bolivia ,-14.4,-61.13,170,24.9,,,1441,,ultisol (oxyaquic kandiudult),seasonally flooded,Dry season length 6 mths,,11,Neotropics,Aw,Tropical rainforest
26,Chore 1,,Santa Cruz,Bolivia,-14.35,-61.16,170,25.1,,,1413,,younger oxisol (xanthic eutrustox),Liana forest,Dry season length 6.23 mths,,11,Neotropics,Aw,Tropical rainforest
27,Tambopata plot 0,,Madre de Dios,Peru,-12.85,-69.28,239,25.04,,,2503,,Holocene alluvial (typic dystrudept),"terra firme, floodplain",Dry season length 3.46 mths,,12,Neotropics,Af,Tropical rainforest
28,Tambopata-Candamo Reserve (TAM-05),,Madre de Dios,Peru,-12.830288,-69.270533,223,24.4,,,1900,clay,Haplic Cambisol,lower soil water retention capacity than TAM-06,"situated on Pleistocene terrace (<100,000 years old)",,12,Neotropics,Af,Tropical rainforest
29,Tambopata-Candamo Reserve (TAM-06),,Madre de Dios,Peru,-12.84,-69.3,215,24.4,,,1900,silty clay,Haplic Alisol,higher soil water retention capacity than TAM-05,"situated on recent Holocene floodplain terrace (<10,000 years old; with part of the plot still occasionally inundated under extreme high water conditions a few days per year",,12,Neotropics,Af,Tropical rainforest
30,Tambopata plot 4,,Madre de Dios,Peru,-12.9,-69.8,214,25.4,,,2499,clay loam,Ultisol,"terra firme, floodplain. Luyssaert: Ultisol. Malhi2004: Holocene alluvial (aquic durudept)",Dry season length 3.46 mths,"Aragao et al 2009, Malhi et al 2004",13,Neotropics,Af,Tropical rainforest
31,Tambopata plot 1,,Madre de Dios,Peru,-12.83,-69.28,207,25.2,,,2478,,Holocene alluvial (oxaquic dystrudept),"terra firme, floodplain",Dry season length 3.46 mths,,12,Neotropics,Af,Tropical rainforest
32,Tambopata plot 2 clay,,Madre de Dios,Peru ,-12.83,-69.28,207,25.2,,,2478,,Holocene alluvial (oxaquic dystrudept),"terra firme, floodplain",Dry season length 3.46 mths,,12,Neotropics,Af,Tropical rainforest
33,Tambopata plot 3,,Madre de Dios,Peru,-12.8,-69.7,207,25.2,,,2478,clay loam,Inceptisol,terra firme. Luyssaert: Inceptisol. Malhi2004: Pleistocene alluvial (kandiustult).,Dry season length 3.46 mths,"Aragao et al 2009, Malhi et al 2004",13,Neotropics,Af,Tropical rainforest
34,Tambopata plot 6,,Madre de Dios,Peru,-12.83,-69.27,209,25.19,,,2477,,Pleistocene alluvial (xanthic hapludox),terra firme,Dry season length 3.46 mths,,12,Neotropics,Af,Tropical rainforest
35,Cuzco Amazonico 1,,Madre de Dios,Peru ,-12.5,-68.95,200,25.6,,,2075,,Holocene alluvial (inceptisol),"terra firme, floodplain",Dry season length 3.46 mths,,14,Neotropics,Af,Tropical rainforest
36,Cuzco Amazonico 2,,Madre de Dios,Peru ,-12.49,-69.11,,25.2,,,2160,,Holocene alluvial (inceptisol),"terra firme, floodplain",Dry season length 3.46 mths,,14,Neotropics,Af,Tropical rainforest
37,Lumbubashi,,Katanga,Congo,-11.48,27.6,1208,20.3,,,1273,clay,,,,"site references:Olsen et al 2001,DeAngelis et al 1981,",15,Afrotropics,Cwa,Tropical moist forest
38,Molienda slash-and-burned forest recovery chronosequence,Bolpebra,Pando,Bolivia,-11.441,-69.158,,24.78,,,1800,,,,,,16,Neotropics,Am,Tropical rainforest
39,Sinop flux station,Sinop,Mato Grosso,Brazil,-11.420833,-55.316667,423,24,,,2000,,,,,,17,Neotropics,Aw,Tropical rainforest
40,Gran Pajonal swidden recovery chronosequence,,Junin,Peru,-11,-74,1100,23.5,,,2000,,Ultisol,"Ultisols having distinct A, B, and C horizons. ",,,18,Neotropics,Aw,Tropical mountain system
41,Central Rondonia Chronosequence Site a,Cacaulândia,Rondônia,Brazil,-10.316667,-62.766667,350,27.6,,,2290,,Ultisol; Entisol,Allic Paleudult and Lithic Oxic Troporthent soils with a soil depth of ~0.6 m.,,,19,Neotropics,Aw,Tropical rainforest
42,Central Rondonia Chronosequence Site b,Cacaulândia,Rondônia,Brazil,-10.316667,-62.766667,350,27.6,,,2290,,Ultisol; Entisol,Allic Paleudult and Lithic Oxic Troporthent soils with a soil depth of ~0.6 m.,,,19,Neotropics,Aw,Tropical rainforest
43,Central Rondonia Chronosequence Site c,Cacaulândia,Rondônia,Brazil,-10.316667,-62.766667,350,27.6,,,2290,,Ultisol; Entisol,Allic Paleudult and Lithic Oxic Troporthent soils with a soil depth of ~0.6 m.,,,19,Neotropics,Aw,Tropical rainforest
44,Central Rondonia Chronosequence Site d,Cacaulândia,Rondônia,Brazil,-10.316667,-62.766667,350,27.6,,,2290,,Ultisol; Entisol,Allic Paleudult and Lithic Oxic Troporthent soils with a soil depth of ~0.6 m.,,,19,Neotropics,Aw,Tropical rainforest
45,Central Rondonia Chronosequence Site e,Cacaulândia,Rondônia,Brazil,-10.316667,-62.766667,350,27.6,,,2290,,Ultisol; Entisol,Allic Paleudult and Lithic Oxic Troporthent soils with a soil depth of ~0.6 m.,,,19,Neotropics,Aw,Tropical rainforest
46,Central Rondonia Chronosequence Site f,Cacaulândia,Rondônia,Brazil,-10.316667,-62.766667,350,27.6,,,2290,,Ultisol; Entisol,Allic Paleudult and Lithic Oxic Troporthent soils with a soil depth of ~0.6 m.,,,19,Neotropics,Aw,Tropical rainforest
47,Central Rondonia Chronosequence Site g,Cacaulândia,Rondônia,Brazil,-10.316667,-62.766667,350,27.6,,,2290,,Ultisol; Entisol,Allic Paleudult and Lithic Oxic Troporthent soils with a soil depth of ~0.6 m.,,,19,Neotropics,Aw,Tropical rainforest
48,Central Rondonia Chronosequence Site h,Cacaulândia,Rondônia,Brazil,-10.316667,-62.766667,350,27.6,,,2290,,Ultisol; Entisol,Allic Paleudult and Lithic Oxic Troporthent soils with a soil depth of ~0.6 m.,,,19,Neotropics,Aw,Tropical rainforest
49,Central Rondonia Chronosequence Site i,Cacaulândia,Rondônia,Brazil,-10.316667,-62.766667,350,27.6,,,2290,,Ultisol; Entisol,Allic Paleudult and Lithic Oxic Troporthent soils with a soil depth of ~0.6 m.,,,19,Neotropics,Aw,Tropical rainforest
50,Rio Branco,,Acre (western Amazon),Brazil ,-10.12,-68,,25,,,1940,,,,,,20,Neotropics,Am,Tropical rainforest
51,Rondonia,,Mato Grosso,Brazil ,-9.2,-60.05,,25.2,,,2354,,,,,,21,Neotropics,Am,Tropical rainforest
52,Northern Rôndonia State,,Rondônia,Brazil ,-8.75,-63.38,,26.2,,,2300,,,,,,22,Neotropics,Am,Tropical rainforest
53,UDJ-01j_Udagaji,,Morogoro,Tanzania,-8.59,35.87,510,23.7,,,1461,,,,,,23,Afrotropics,Aw,Tropical moist forest
54,UDJ-02j_Udagaji,,Morogoro,Tanzania,-8.59,35.87,630,23.7,,,1461,,,,,,23,Afrotropics,Aw,Tropical moist forest
55,Marafunga,,Eastern Highlands,Papua New Guinea,-6,145.18,,,5,22,3985,,,humic brown clay sensu Haantjens & Rutherford (1967).,,,24,Australasia,Af,Tropical mountain system
56,San Ramon Experiment Station fallow systems,Yurimaguas,Loreto,Peru,-5.75,-76.083333,,26.3,,,2200,loam,Ultisol,"Acrisol, Typic Paleudult, fine loamy, siliceous, iso-hyperthermic",,,25,Neotropics,Af,Tropical rainforest
57,Pointe Noir,,Kouilou,Congo,-4.35,11.75,100,25,,,1400,clay loam,,,,"site references:Epron et al 2006,,",26,Afrotropics,Aw,Tropical dry forest
58,Allpahuayo A clay-rich soils,,Loreto,Peru,-3.95,-73.43,120,26.3,,,2762,,entisol (typic endoaquent),terra firme,Dry season length 0.77 mths,,27,Neotropics,Af,Tropical rainforest
59,Allpahuayo A sandy soils,,Loreto,Peru,-3.95,-73.43,120,26.3,,,2762,,ultisol (typic paleudult),terra firme,Dry season length 0.77 mths,,27,Neotropics,Af,Tropical rainforest
60,Allpahuayo B clay-rich soils,,Loreto,Peru,-3.95,-73.43,114,26.3,,,2763,,ultisol (typic hapludult),terra firme,Dry season length 0.77 mths,Malhi et al. 2004,27,Neotropics,Af,Tropical rainforest
61,Allpahuayo B sandy soils,,Loreto,Peru,-3.95,-73.43,114,26.3,,,2763,,entisol (spodic udipsamment),terra firme,Dry season length 0.77 mths,Malhi et al. 2004,27,Neotropics,Af,Tropical rainforest
62,Yanamono A,,Loreto,Peru ,-3.43,-72.85,104,26.2,,,2739,,,terra firme ,,,28,Neotropics,Af,Tropical rainforest
63,"Tapajos,RP014",,Para,Brazil ,-2.75,-55,100,26.1,,,1968,,older oxisol,terra firme ,Dry season length 4.51 mths,,29,Neotropics,Am,Tropical rainforest
64,Tapajos National forest,Santarém,Para,Brazil,-3.233333,-54.75,,,,,2000,,Oxisol; Ultisol,,,,30,Neotropics,Am,Tropical rainforest
65,Tapajos NF,Santarém,Para,Brazil,-3.04,-54.95,,25,,,2000,,,,,,30,Neotropics,Am,Tropical rainforest
66,FLONA Tapajós Km 83,Santarém,Para,Brazil,-3.0103,-54.5815,,25,,,1673.5,clay,Oxisol,Soils are nutrient-poor clay oxisols with low organic content and cation exchange capacity,,"site references:www Ameriflux,Goulden et al 2004,Miller et al 2004",30,Neotropics,Am,Tropical rainforest
67,FLONA Tapajós Km 67,Santarém,Para,Brazil,-2.85,-54.967,,25.72,,,1882.25,clay,Oxisol,Soils are nutrient-poor clay oxisols with low organic content and cation exchange capacity,,"site references:www Ameriflux,,",29,Neotropics,Am,Tropical rainforest
68,Tapajos 1,Santarém,Para,Brazil,-2.85,-54.97,,25,,,1920,,,,,,29,Neotropics,Am,Tropical rainforest
69,Tapajos 2,Santarém,Para,Brazil,-2.85,-54.97,,24.5,,,1909,,,,,,29,Neotropics,Am,Tropical rainforest
70,Agrovila Grande Esperanca.BR-230,Altamira,Para,Brazil,-3.366667,-52.616667,100,23.65,,,1697,"ultisols, oxisols, and a few spots of alfisols",,,,,31,Neotropics,Am,Tropical rainforest
71,Brazilian Lower Amazon land use and fire recovery age sequence,Santarém,Para,Brazil,-3.25,-52.25,,25.30833356,,,2225,,,,,,32,Neotropics,Am,Tropical rainforest
72,Brazilian Lower Amazon mature forest,Santarém,Para,Brazil,-3.25,-52.25,,25.30833356,,,2225,,,,,,32,Neotropics,Am,Tropical rainforest
73,Sucusari A,,Loreto,Peru,-3.23,-72.9,107,26.3,,,2748,,ultisol,terra firme,Dry season length 0.54 mths,,28,Neotropics,Af,Tropical rainforest
74,Sucusari B,,Loreto,Peru,-3.23,-72.9,107,26.3,,,2748,,ultisol,terra firme,Dry season length 0.54 mths,,28,Neotropics,Af,Tropical rainforest
75,BDFFP FASTIO,Manaus,Amazonas,Brazil,-2.333333333,-60,,,,,2600,,Latosol,yellow latsiols,coordinates are approximate. Better location could be extracted from map in Lucas (1998),Laurence et al. 2009 (DOI: 10.1111/j.1654-1103.2009.01044.x),33,Neotropics,Af,Tropical rainforest
76,BDFFP Fazenda Maringá,Manaus,Amazonas,Brazil,-2.333333333,-60,,,,,2600,,Latosol,yellow latsiols,coordinates are approximate. Better location could be extracted from map in Lucas (1998),Laurence et al. 2009 (DOI: 10.1111/j.1654-1103.2009.01044.x),33,Neotropics,Af,Tropical rainforest
77,BDFFP Fazenda Porto Alegre,Manaus,Amazonas,Brazil,-2.348,-60,,,,,2524,,Latosol,"yellow latsiols, terra firme",coordinates are approximate. Better location could be extracted from map in Lucas (1998),Laurence et al. 2009 (DOI: 10.1111/j.1654-1103.2009.01044.x),33,Neotropics,Af,Tropical rainforest
78,BDFFP Fazenda Esteio,Manaus,Amazonas,Brazil,-2.41667,-59.76667,,,,,2600,,Latosol,yellow latsiols,coordinates are approximate. Better location could be extracted from map in Lucas (1998),Laurence et al. 2009 (DOI: 10.1111/j.1654-1103.2009.01044.x),33,Neotropics,Af,Tropical rainforest
79,BDFFP km 67,Manaus,Amazonas,Brazil,-2.333333333,-60,,,,,2600,,Latosol,yellow latsiols,coordinates are approximate. Better location could be extracted from map in Lucas (1998),Laurence et al. 2009 (DOI: 10.1111/j.1654-1103.2009.01044.x),33,Neotropics,Af,Tropical rainforest
80,BDFFP Fazenda Agroman,Manaus,Amazonas,Brazil,-2.333333333,-60,,,,,2600,,Latosol,yellow latsiols,coordinates are approximate. Better location could be extracted from map in Lucas (1998),Laurence et al. 2009 (DOI: 10.1111/j.1654-1103.2009.01044.x),33,Neotropics,Af,Tropical rainforest
81,Reserva Ducke,Manaus,Amazonas,Brazil,-3.066666667,-59.92222222,,26,19,39,2100,,,"Os solos são derivados de sedimentos marinhos do terciário do grupo Barreiras. Representam um continuum de latossolos argilosos nas cristas, tornando-se mais arenosos com o aumento da inclinação e diminuição da altitude. Na baixada a fração mineral é quase areia pura.",,http://peld.inpa.gov.br/sitios/ducke,34,Neotropics,Am,Tropical rainforest
82,AM10,Manaus,Amazonas,Brazil,-3.06,-60,,25.6,,,2100,clay,Oxisol,Mostly clayey oxisols with patches of sandy soils in valley bottoms (AM10).,,,34,Neotropics,Af,Tropical rainforest
83,Janauaca,Manaus,Amazonas,Brazil,-3.06,-60,,25.6,,,2100,clay,Podsol,Plinthic dystric podsols,,,34,Neotropics,Af,Tropical rainforest
84,Presidente Figueiredo chronosequence,Manaus,Amazonas,Brazil,-3,-60,,26.7,,,2180,clay,Oxisol,"All sites were situated on kaolinitic Oxisol (haplic Acrorthox, or Latossolo amarelo in the Brazilian classification). These",,,34,Neotropics,Af,Tropical rainforest
85,Rio Preta de Eva chronosequence,Manaus,Amazonas,Brazil,-3,-60,,26.7,,,2180,clay,Oxisol,"All sites were situated on kaolinitic Oxisol (haplic Acrorthox, or Latossolo amarelo in the Brazilian classification). These",,,34,Neotropics,Af,Tropical rainforest
86,BDFFP Fazenda Porto Alegre 3304,Manaus,Amazonas,Brazil,-2.348,-60,90,27.2,,,1771,,Latosol,terra firme,Dry season length 3.05 mths,"Klinge 1973,1976,1978; Klinge & Rodrigues 1968;Klinge et al. 1975",33,Neotropics,Af,Tropical rainforest
87,Paragominas age sequence-light use,Paragominas,Para,Brazil,-3,-47.5,,25.1916,,,1750,clay,Oxisol,"The terrain is gently rolling: hillsides and hiltops have clayey, red-yellow oxisols.",,,35,Neotropics,Am,Tropical rainforest
88,Paragominas age sequence-moderate use,Paragominas,Para,Brazil,-3,-47.5,,25.1916,,,1750,clay,Oxisol,"The terrain is gently rolling: hillsides and hiltops have clayey, red-yellow oxisols.",,,35,Neotropics,Am,Tropical rainforest
89,Paragominas age sequence-heavy use,Paragominas,Para,Brazil,-3,-47.5,,25.1916,,,1750,clay,Oxisol,"The terrain is gently rolling: hillsides and hiltops have clayey, red-yellow oxisols.",,,35,Neotropics,Am,Tropical rainforest
90,Paragominas primary forest,Paragominas,Para,Brazil,-3,-47.5,,25.1916,,,1750,clay,Oxisol,"The terrain is gently rolling: hillsides and hiltops have clayey, red-yellow oxisols.",,,35,Neotropics,Am,Tropical rainforest
91,Paragominas,Paragominas,Para,Brazil,-2.983333,-47.516667,NI,24.1,,,1750,clay,Latosol,Kaolinic yellow latosols,Tropical evergreen,"site references:Clark et al 2001,Trumbore 1995, J. Chambers & D. Nepstad, pers. comm.",35,Neotropics,Am,Tropical rainforest
92,Fazenda Vitória,Paragominas,Para,Brazil,-2.983,-47.533,,25.95,,,1800,clay,Latosol,Kaolinitic Yellow Latosols.,,,35,Neotropics,Am,Tropical rainforest
93,Mamirauá Sustainable Development Reserve,Manaus,Amazonas,Brazil,-2.799934,-64.883583,,,,,3000,,,,VARZEA FLOODPLAIN,,36,Neotropics,Af,Tropical rainforest
94,Manaus 4,Manaus,Amazonas,Brazil,-3.1,-60.03,,27.4,,,1571,,,,,,34,Neotropics,Af,Tropical rainforest
95,Manaus 3,Manaus,Amazonas,Brazil,-2.97,-60.18,,26.7,,,2285,,,,,,34,Neotropics,Af,Tropical rainforest
96,Jacaranda/K34,,Amazonas,Brazil,-2.6,-60.2,100,26.83,,,2734,clay,,,,"site references:Chambers et al 2004,,",33,Neotropics,Af,Tropical rainforest
97,Cuieiras/C14,,Amazonas,Brazil,-2.58,-60.1,NI,23,,,2200,clay,,,,"site references:Malhi et al 1998,Malhi et al 1999,",33,Neotropics,Af,Tropical rainforest
98,Manaus 2,Manaus,Amazonas,Brazil,-2.5,-60,,26.7,,,2200,,,,,,33,Neotropics,Af,Tropical rainforest
99,BDFFP Fazenda Dimona,Manaus,Amazonas,Brazil,-2.33333,-60.083333,100,26.75,,,2305,clay,Ultisol/older oxisol,terra firme,Dry season length 3.05 mths,"site references:Clark et al 2001,,Chambers thesis, in prep.; http://pdbff.inpa.gov.br/area3p.htm#; Malhi et al. 2004",33,Neotropics,Af,Tropical rainforest
100,Walter Egler Reserve,Manaus,Amazonas,Brazil ,-2.5,-60,NI,26.7,,,2300,,Ultisol,,Terra firme,"Chambers thesis, in prep.",33,Neotropics,Af,Tropical rainforest
101,BDFFP Fazenda Cabo Frio,Manaus,Amazonas,Brazil ,-2.4,-60,100,26.75,,,2305,,Ultisol,terra firme,Dry season length 3.05 mths,"Chambers thesis, in prep.; Sizer 1992; Malhi et al. 2004",33,Neotropics,Af,Tropical rainforest
102,BDFFP Fazenda Gaviao,Manaus,Amazonas,Brazil ,-2.4,-59.9,100,26.7,,,2233.5,,Ultisol,terra firme,Dry season length 3.05 mths,"Chambers thesis, in prep.; Malhi et al. 2004",33,Neotropics,Af,Tropical rainforest
103,Manaus BR-174,Manaus,Amazonas,Brazil,-2.45,-60.05,100,,,,,clay,Oxisol,"plateau soil is classified as dystrophic, isohyperthermic, clayey kaolinitic, Hapludox. Slope soils are Ultisols and valley bottoms are Spodosols",mild dry season Aug-Oct,,33,Neotropics,Af,Tropical rainforest
104,BDFFP Florestal,Manaus,Amazonas,Brazil,-2.4,-59.9,100,26.8,,,2305,,older oxisol,terra firme,Dry season length 3.05 mths,; Malhi et al. 2004,33,Neotropics,Af,Tropical rainforest
105,Bionte 1,Manaus,Amazonas,Brazil,-2.63,-60.17,73,27.1,,,2381,,older oxisol,terra firme,Dry season length 3 mths,,33,Neotropics,Af,Tropical rainforest
106,Bionte 2,Manaus,Amazonas,Brazil,-2.63,-60.17,73,27.1,,,2381,,older oxisol,terra firme,Dry season length 3 mths,,33,Neotropics,Af,Tropical rainforest
107,Bionte 4,Manaus,Amazonas,Brazil,-2.63,-60.17,73,27.1,,,2381,,older oxisol,terra firme,Dry season length 3 mths,,33,Neotropics,Af,Tropical rainforest
108,Bionte T4 B1 SB3,Manaus,Amazonas,Brazil,-2.63,-60.17,73,27.1,,,2381,,older oxisol,terra firme,Dry season length 3 mths,,33,Neotropics,Af,Tropical rainforest
109,Bionte T4 B4 SB4,Manaus,Amazonas,Brazil,-2.63,-60.17,73,27.1,,,2381,,older oxisol,terra firme,Dry season length 3 mths,,33,Neotropics,Af,Tropical rainforest
110,Bionte T4 B2 SB1,Manaus,Amazonas,Brazil,-2.63,-60.17,73,27.1,,,2381,,older oxisol,terra firme,Dry season length 3 mths,,33,Neotropics,Af,Tropical rainforest
111,Jacaranda plots 1-5,Manaus,Amazonas,Brazil,-2.38,-60.1,73,27.1,,,2272,,older oxisol & fluvent,terra firme,"Dry season length 3 mths. Liu coords (-2.38, - 60.1)",,33,Neotropics,Af,Tropical rainforest
112,Jacaranda plots 6-10,Manaus,Amazonas,Brazil,-2.38,-60.1,73,27.1,,,2272,,older oxisol & fluvent,terra firme,"Dry season length 3 mths. Liu coords (-2.38, - 60.1)",,33,Neotropics,Af,Tropical rainforest
113,Jaú National-Park,,Amazonas,Brazil,-1.900126,-61.450297,,,,,,,,,IGAPO,,37,Neotropics,Af,Tropical rainforest
114,Caxiuana,,Para,Brazil,-1.72,-51.45,NI,,,,2500,clay,,,,"site references:Carswell et al 2002,,",38,Neotropics,Af,Tropical rainforest
115,Caxiuana 1,,Para,Brazil,-1.7,-51.53,15,26.7,,,2220,,older oxisol,terra firme,Dry season length 3.97 mths,,38,Neotropics,Am,Tropical rainforest
116,Caxiuana 2,,Para,Brazil,-1.7,-51.53,15,26.7,,,2220,,older oxisol,terra firme,Dry season length 3.97 mths,,38,Neotropics,Am,Tropical rainforest
117,J.M. Tucker Amazonian Brazil chronosequence,,Para,Brazil,-1.25,-46.75,,25.375,,,2841,sand,,,,data from J.M. Tucker unpublished,39,Neotropics,Am,Tropical rainforest
118,Igarapé Açu,Belém,Para,Brazil,-1.136,-47.617,60,26,,,2400,,Ultisol,The soils are predominantly Typic Kandiudults (Rego et al. 1993) of poor nutrient status (Table 1),,,40,Neotropics,Am,Tropical rainforest
119,Johnson et al 2000_sandy subtropical_1,Peixe Boi,Para,Brazil,-1,-47,,25.5333,,,2841,sand,Oxisol,Oxisol,,,41,Neotropics,Am,Tropical rainforest
120,Jari 1,,Amapa,Brazil,-1,-52.05,82,26.7,,,2403,,older oxisol,terra firme,Dry season length 3.95 mths,,42,Neotropics,Am,Tropical rainforest
121,Jatun Sacha 3,,Napo,Ecuador,-1.07,-77.67,450,23.6,,,3828,,ultisol/inceptisol,terra firme,Dry season length 0.18 mths,,43,Neotropics,Af,Tropical rainforest
122,Jatun Sacha 4,,Napo,Ecuador,-1.07,-77.67,450,23.6,,,3828,,inceptisol,terra firme,Dry season length 0.18 mths,,43,Neotropics,Af,Tropical rainforest
123,Jatun Sacha 5,,Napo,Ecuador,-1.07,-77.67,450,23.6,,,3828,,Holocene alluvial,"terra firme, floodplain",Dry season length 0.18 mths,,43,Neotropics,Af,Tropical rainforest
124,Jatun Sacha 2,,Napo,Ecuador,-1.07,-77.6,450,23.9,,,3663,,inceptisol/oxisol,terra firme,Dry season length 0.18 mths,,43,Neotropics,Af,Tropical rainforest
125,Bogi 1 (PA),,Orellana,Ecuador,-0.7,-76.48,271,24.9,,,3152,,inceptisol,terra firme,Dry season length 0.31 mths,,44,Neotropics,Af,Tropical rainforest
126,Bogi 2 (PB),,Orellana,Ecuador,-0.7,-76.47,270,25,,,3140,,inceptisol,terra firme,Dry season length 0.31 mths,,44,Neotropics,Af,Tropical rainforest
127,Tiputini 3,,Orellana,Ecuador,-0.64,-76.15,248,25.3,,,3130,,Holocene alluvial,seasonally flooded,Dry season length 0.31 mths,,45,Neotropics,Af,Tropical rainforest
128,Tiputini 2,,Orellana,Ecuador,-0.63,-76.14,246,25.2,,,3130,,younger oxisol,terra firme,Dry season length 0.31 mths,,45,Neotropics,Af,Tropical rainforest
129,Pifo Polylepis Forest,,Pichincha,Ecuador,-0.233,-78.25,3900,6.6,,,1500,,,"Soils are formed in young volcanic ashes that are high in biotite and were deposited 330 years ago by the last major eruption of the Cotopaxi volcano, which did not reach the Oyacachi area (Hall",,,46,Neotropics,Cfb,Tropical mountain system
130,Oyacachi Alnus Forest,,Napo,Ecuador,-0.217,-78.05,3150,10.5,,,2250,,Andosol,"Soils are classified as Andosols and formed in volcanic ashes, the youngest deposits originating from the Cayambe volcano eruption of about 600 years ago",,,46,Neotropics,Cfb,Tropical mountain system
131,Araracuara,,Amazonas,Colombia,-0.63,-72.37,,25.5,,,2998,,,,,,47,Neotropics,Af,Tropical rainforest
132,LOP-25_Lope SEGC,,Ogooue-Ivindo,Gabon,-0.43,11.43,300,24.9,,,1825,,,,,,48,Afrotropics,Aw,Tropical rainforest
133,LWW-01_Lope West Woods,,Moyen-Ogooue,Gabon,-0.42,11.4,350,25.3,,,1818,,,,,,48,Afrotropics,Aw,Tropical rainforest
134,LOP-01_Lope,,Ogooue-Ivindo,Gabon,-0.17,11.42,250,25.2,,,1763,,,,,,48,Afrotropics,Aw,Tropical rainforest
135,EKO-41e_Ekobakoba,,Ogooue-Ivindo,Gabon,0.38,13.11,520,23.6,,,1662,,,,,,49,Afrotropics,As,Tropical rainforest
136,MAK-01_M'Passa,,Ogooue-Ivindo,Gabon,0.5,12.8,504,23.6,,,1657,,,,,,49,Afrotropics,As,Tropical rainforest
137,MAK-02c_Makokou,,Ogooue-Ivindo,Gabon,0.57,12.87,500,24,,,1649,,,,,,49,Afrotropics,As,Tropical rainforest
138,OVG-01_Oveng,,Woleu-Ntem,Gabon,0.73,11.37,580,23.1,,,1757,,,,,,51,Afrotropics,As,Tropical rainforest
139,Yangambi,,Yangambi,Congo,0.77,24.44,,25.2333,,,1858,,,,Central Congo Basin,,52,Afrotropics,Af,Tropical rainforest
140,ITU-03_Ituri Mono-dominant,,Orientale,Congo,1.33,28.6,750,24.3,,,1724,,,,,,53,Afrotropics,Af,Tropical rainforest
141,ITU-01_Ituri Mono-dominant,,Orientale,Congo,1.35,28.45,750,24.5,,,1750,,,,,,53,Afrotropics,Af,Tropical rainforest
142,ITU-02_Ituri Mono-dominant,,Orientale,Congo,1.35,28.53,750,24.3,,,1745,,,,,,53,Afrotropics,Af,Tropical rainforest
143,LEN-01_Ituri Lenda 1,,Orientale,Congo,1.35,28.82,750,23.9,,,1701,,Oxisol,,,,53,Afrotropics,Af,Tropical rainforest
144,ITU-05_Ituri,,Orientale,Congo,1.42,28.5,750,24,,,1779,,,,,,53,Afrotropics,Af,Tropical rainforest
145,ITU-06_Ituri,,Orientale,Congo,1.43,28.58,750,24.4,,,1743,,,,,,53,Afrotropics,Af,Tropical rainforest
146,EDO-01_Ituri Edoro 1,,Orientale,Congo,1.44,28.58,750,24.2,,,1750,,Oxisol,,,,53,Afrotropics,Af,Tropical rainforest
147,EDO-02_Ituri Edoro 2,,Orientale,Congo,1.44,28.58,750,24.2,,,1750,,Oxisol,,,,53,Afrotropics,Af,Tropical rainforest
148,LEN-02_Ituri Lenda 2,,Orientale,Congo,1.44,28.58,750,24.2,,,1750,,Oxisol,,,,53,Afrotropics,Af,Tropical rainforest
149,ITU-04_Ituri,,Orientale,Congo,1.45,28.42,750,24.1,,,1793,,,,,,53,Afrotropics,Af,Tropical rainforest
150,MPG-01_Mpanga,,Mpigi,Uganda,0.22,32.3,1180,21.3,,,1286,,,,,,54,Afrotropics,Af,Tropical rainforest
151,"NGG-02d,j_Ngogo, Lwanga",,Kamwenge,Uganda,0.5,30.42,1350,20,,,1600,,,,,,55,Afrotropics,As,Tropical rainforest
152,BUD-17_Budongo Plot 7,,Masindi,Uganda,1.72,31.5,1085,23,,,1326,,,,,,56,Afrotropics,Am,Tropical rainforest
153,"The Mega Rice Project, Block C",Palangkaraya,Central Kalimantan,Indonesia,-2.345,114.036389,30,26.33333333,,,2331,clay loam,Histosol,Histosol; The peat thickness is about 4 m around the tower.,PEAT,,57,IndoMalay,Af,Tropical rainforest
154,Bukit Soeharto,,East Kalimantan,Indonesia,-0.866,117.05,20,25.3,,,2015,loam,Ultisol,,,asiaflux.net,58,IndoMalay,Af,Tropical rainforest
155,Sebulu,,East Kalimantan,Indonesia,-0.27,116.97,70,27,,,1862,clay/coarse sand,,red-yellow podozol,"ori coords (-1.5, 116.97) fell into ocean.",,59,IndoMalay,Af,Tropical rainforest
156,Saldarriaga chronosequence I,San Carlos de Rio Negro,Amazonas,Venezuela,1.86,-67.03,119,,,,3500,,,,coordinates approximate (3 groups); map in paper shows location of each site,,60,Neotropics,Af,Tropical rainforest
157,Saldarriaga chronosequence IV,San Carlos de Rio Negro,Amazonas,Venezuela,1.86,-67.03,119,,,,3500,,,,coordinates approximate (3 groups); map in paper shows location of each site,,60,Neotropics,Af,Tropical rainforest
158,Saldarriaga chronosequence VII,San Carlos de Rio Negro,Guainia,Venezuela,1.86,-67.03,119,,,,3500,,,,coordinates approximate (3 groups); map in paper shows location of each site,,60,Neotropics,Af,Tropical rainforest
159,Saldarriaga chronosequence XVIII,San Carlos de Rio Negro,Amazonas,Venezuela,1.86,-67.03,119,,,,3500,,,,coordinates approximate (3 groups); map in paper shows location of each site,,60,Neotropics,Af,Tropical rainforest
160,Saldarriaga chronosequence XIX,San Carlos de Rio Negro,Amazonas,Venezuela,1.86,-67.03,119,,,,3500,,,,coordinates approximate (3 groups); map in paper shows location of each site,,60,Neotropics,Af,Tropical rainforest
161,Saldarriaga chronosequence XXI,San Carlos de Rio Negro,Amazonas,Venezuela,1.86,-67.03,119,,,,3500,,,,coordinates approximate (3 groups); map in paper shows location of each site,,60,Neotropics,Af,Tropical rainforest
162,Saldarriaga chronosequence III,San Felipe,Amazonas,Colombia,1.87,-67.06,119,,,,3500,,,,coordinates approximate (3 groups); map in paper shows location of each site,,60,Neotropics,Af,Tropical rainforest
163,Saldarriaga chronosequence V,San Felipe,Amazonas,Colombia,1.87,-67.06,119,,,,3500,,,,coordinates approximate (3 groups); map in paper shows location of each site,,60,Neotropics,Af,Tropical rainforest
164,Saldarriaga chronosequence VIII,San Felipe,Guainia,Colombia,1.87,-67.06,119,,,,3500,,,,coordinates approximate (3 groups); map in paper shows location of each site,,60,Neotropics,Af,Tropical rainforest
165,Saldarriaga chronosequence XI,San Felipe,Guainia,Colombia,1.87,-67.06,119,,,,3500,,,,coordinates approximate (3 groups); map in paper shows location of each site,,60,Neotropics,Af,Tropical rainforest
166,Saldarriaga chronosequence XII,San Felipe,Guainia,Colombia,1.87,-67.06,119,,,,3500,,,,coordinates approximate (3 groups); map in paper shows location of each site,,60,Neotropics,Af,Tropical rainforest
167,Saldarriaga chronosequence XIV,San Felipe,Guainia,Colombia,1.87,-67.06,119,,,,3500,,,,coordinates approximate (3 groups); map in paper shows location of each site,,60,Neotropics,Af,Tropical rainforest
168,Saldarriaga chronosequence XV,San Felipe,Guainia,Colombia,1.87,-67.06,119,,,,3500,,,,coordinates approximate (3 groups); map in paper shows location of each site,,60,Neotropics,Af,Tropical rainforest
169,Saldarriaga chronosequence XVI,San Felipe,Amazonas,Colombia,1.87,-67.06,119,,,,3500,,,,coordinates approximate (3 groups); map in paper shows location of each site,,60,Neotropics,Af,Tropical rainforest
170,Saldarriaga chronosequence XXIII,San Felipe,Amazonas,Colombia,1.87,-67.06,119,,,,3500,,,,coordinates approximate (3 groups); map in paper shows location of each site,,60,Neotropics,Af,Tropical rainforest
171,San Carlos low caatinga,San Carlos de Rio Negro,Amazonas,Venezuela,1.92,-67.07,,26,,,3600,sand,Spodosol,tropaquod,,,60,Neotropics,Af,Tropical rainforest
172,San Carlos (Oxisol),,Amazonas,Venezuela,1.93,-67.05,119,26,,,3402.67,clay loam,Oxisol,,Terra firme,"site references:Jordan et al 1999,Jordan 1989, Uhl and Jordan 1984,Jordan and Escalante 1980; Stark and Spratt 1977",60,Neotropics,Af,Tropical rainforest
173,San Carlos tall caatinga,San Carlos de Rio Negro,Amazonas,Venezuela,1.93,-67.05,117,26.2,,,3500,,Spodosol,infertile spodosols; water-logged bleached sands classified as tropaquods,tall caatinga,"Klinge and Herrera 1983, Herrera and Jordan 1981",60,Neotropics,Af,Tropical rainforest
174,Saldarriaga chronosequence XVII,San Carlos de Rio Negro,Amazonas,Venezuela,1.933,-67.05,119,,,,3500,,,,coordinates approximate (3 groups); map in paper shows location of each site,,60,Neotropics,Af,Tropical rainforest
175,Río Negro age sequence,San Carlos de Rio Negro,Amazonas,Venezuela,1.933333,-67.05,119,26.88,,,3500,sandy horizon,Oxisol,"The topography consists of gently rolling hills which rise up to 50 m above the mean river level. The hill forests are never flooded and have soils consisting of a sandy horizon (from a few centimetres to 2 m in depth) over- lying a thick horizon composed of kaolinite clay and lateritic concretions. These soils are classified as Oxisols (United States 7th approximation) or Ferralsols (FAO classification). Both horizons are acid and highly weathered, and have low cation exchange capacity and high iron and aluminum content (Jordan 1982). Above the mineral soil is a mat of humus and roots which plays an important role in nutrient cycling (Jordan and Herrera 1981).",4 km east of the village of San Carlos de Rio Negro.,(Jordan 1982) (Jordan and Herrera 1981),60,Neotropics,Af,Tropical rainforest
176,Saldarriaga chronosequence II,San Carlos de Rio Negro,Amazonas,Venezuela,1.96,-67.05,119,,,,3500,,,,coordinates approximate (3 groups); map in paper shows location of each site,,60,Neotropics,Af,Tropical rainforest
177,Saldarriaga chronosequence VI,San Carlos de Rio Negro,Amazonas,Venezuela,1.96,-67.05,119,,,,3500,,,,coordinates approximate (3 groups); map in paper shows location of each site,,60,Neotropics,Af,Tropical rainforest
178,Saldarriaga chronosequence IX,San Carlos de Rio Negro,Guainia,Venezuela,1.96,-67.05,119,,,,3500,,,,coordinates approximate (3 groups); map in paper shows location of each site,,60,Neotropics,Af,Tropical rainforest
179,Saldarriaga chronosequence X,San Carlos de Rio Negro,Guainia,Venezuela,1.96,-67.05,119,,,,3500,,,,coordinates approximate (3 groups); map in paper shows location of each site,,60,Neotropics,Af,Tropical rainforest
180,Saldarriaga chronosequence XIII,San Carlos de Rio Negro,Guainia,Venezuela,1.96,-67.05,119,,,,3500,,,,coordinates approximate (3 groups); map in paper shows location of each site,,60,Neotropics,Af,Tropical rainforest
181,Saldarriaga chronosequence XX,San Carlos de Rio Negro,Amazonas,Venezuela,1.96,-67.05,119,,,,3500,,,,coordinates approximate (3 groups); map in paper shows location of each site,,60,Neotropics,Af,Tropical rainforest
182,Saldarriaga chronosequence XXII,San Carlos de Rio Negro,Amazonas,Venezuela,1.96,-67.05,119,,,,3500,,,,coordinates approximate (3 groups); map in paper shows location of each site,,60,Neotropics,Af,Tropical rainforest
183,Pasoh Forest Reserve,Simpang Pertang,Negeri Sembilan,Malaysia,2.966,102.3,112.5,26.33333333,,,1804,clay loam,Haplic Acrisol,Soil type around the tower is Haplic Acrisol according to FAO classi?cations. The A horizon is thin (0–5 cm). Lateritic gravels are abundant below 30 cm.,Tropical lowland rain forest,"site references: Lussayert (Nakane 1980, Ito & Oikawa 2002,Kira et al 1998,Kira 1978)",61,IndoMalay,Af,Tropical rainforest
184,Niah River Chronosequence III,,Sarawak,Malaysia,3.583,113.583,,26.57,,,3749,,,,,,62,IndoMalay,Af,Tropical rainforest
185,Niah Forest Reserve chronosequence 1,,Sarawak,Malaysia,3.65,113.7,,27,,,2800,clay/sandy loam,Ultisol,Typic Kandihumult,,,62,IndoMalay,Af,Tropical rainforest
186,Niah Forest Reserve chronosequence 2,,Sarawak,Malaysia,3.65,113.7,,27,,,2800,clay/sandy loam,Ultisol,Typic Kandihumult,,,62,IndoMalay,Af,Tropical rainforest
187,Gunung Mulu (alluvial forest),,Sarawak,Malaysia,4.02,114.8,50,26.8,,,5090,,,peaty-podsolic; pH 4.4;,,,63,IndoMalay,Af,Tropical rainforest
188,Gunung Mulu (dipterocarp forest),,Sarawak,Malaysia,4.04,114.85,225,26.8,,,5110,,,"red-yellow podsolic, heavy texture; pH 4.1",,,63,IndoMalay,Af,Tropical rainforest
189,Gunung Mulu (limestone forest),,Sarawak,Malaysia,4.12,114.88,300,26.8,,,5700,,,shallow black organic mull-humus; pH 6.1,,,63,IndoMalay,Af,Tropical rainforest
190,Gunung Mulu (heath forest),,Sarawak,Malaysia,4.14,114.88,170,26.8,,,5700,,,humus podzol; pH 3.6,,,63,IndoMalay,Af,Tropical rainforest
191,Lambir,Miri,Sarawak,Malaysia,4.1865,114.017,200,27,,,2740,,,,,,64,IndoMalay,Af,Tropical rainforest
192,Ulu Segama FR,,Sabah,Malaysia,5,117.5,,26.7,,,2700,,,,,,65,IndoMalay,Af,Tropical rainforest
193,Leuser Ecosystem chronosequence,Telaga,North Sumatra,Indonesia,3.789,97.872,1100,26.18,,,2777,,,,,,66,IndoMalay,Af,Tropical mountain system
194,CAM-02_Campo Ma'an 2,,"Litoral, Equatorial Guinea???",Cameroon,2.19,9.92,100,25,,,2434,,,,,,67,Afrotropics,Af,Tropical rainforest
195,CAM-01_Campo Ma'an 1,,South Region,Cameroon,2.36,9.93,100,25.1,,,2588,,,,,,67,Afrotropics,Af,Tropical rainforest
196,CAM-03_Campo Ma'an 3,,South Region,Cameroon,2.42,9.9,100,25,,,2625,,,,,,67,Afrotropics,Af,Tropical rainforest
197,DJA-07_Dja L7 Alat-Makay Mixed,,East Region,Cameroon,2.85,13.33,550,23.7,,,1617,,,,,,68,Afrotropics,Aw,Tropical rainforest
198,DJA-17_Dja L7 Alat-Makay Mono-dominant,,East Region,Cameroon,2.85,13.33,570,23.7,,,1617,,,,,,68,Afrotropics,Aw,Tropical rainforest
199,DJA-09_Dja L9 Djomedjoh,,East Region,Cameroon,3.08,13.58,660,23.3,,,1631,,,,,,68,Afrotropics,Aw,Tropical rainforest
200,DJA-05_Dja L5 Mékas,,South Region,Cameroon,3.15,12.57,640,23.6,,,1628,,,,,,69,Afrotropics,Aw,Tropical rainforest
201,DJA-04_Dja Interior L4,,East Region,Cameroon,3.28,12.87,610,23.3,,,1632,,,,,,70,Afrotropics,Aw,Tropical rainforest
202,DJA-03_Dja Interior L3,,East Region,Cameroon,3.3,12.87,570,23.3,,,1631,,,,,,70,Afrotropics,Aw,Tropical rainforest
203,DJA-02_Dja Interior L2,,East Region,Cameroon,3.32,12.87,590,23.3,,,1630,,,,,,70,Afrotropics,Aw,Tropical rainforest
204,DJK-05_Dja Somolomo,,East Region,Cameroon,3.32,12.76,779,23.6,,,1623,,,,,,69,Afrotropics,Aw,Tropical rainforest
205,DJK-01_Dja Somolomo,,East Region,Cameroon,3.33,12.72,647,23.5,,,1623,,,,,,69,Afrotropics,Aw,Tropical rainforest
206,DJK-06_Dja Somolomo,,East Region,Cameroon,3.33,12.76,639,23.5,,,1623,,,,,,69,Afrotropics,Aw,Tropical rainforest
207,DJK-02_Dja Somolomo,,East Region,Cameroon,3.33,12.72,722,23.6,,,1622,,,,,,69,Afrotropics,Aw,Tropical rainforest
208,DJA-01_Dja Interior L1,,East Region,Cameroon,3.33,12.87,590,23.3,,,1630,,,,,,69,Afrotropics,Aw,Tropical rainforest
209,DJK-03_Dja Somolomo,,East Region,Cameroon,3.36,12.72,639,23.6,,,1621,,,,,,69,Afrotropics,Aw,Tropical rainforest
210,DJK-04_Dja Somolomo,,East Region,Cameroon,3.36,12.73,639,23.7,,,1619,,,,,,69,Afrotropics,Aw,Tropical rainforest
211,BKK-01a_Boukoko,,Lobaye,Central African Republic,3.83,18,487,23.7,,,1677,,,,,,71,Afrotropics,Aw,Tropical rainforest
212,LLL-01a_La Lole,,Lobaye,Central African Republic,3.83,18,487,23.7,,,1677,,,,,,71,Afrotropics,Aw,Tropical rainforest
213,Congo Eucalyptus plantation chronosequence,,Kouilou,Congo,-4,12,100,25,,,,sandy to sandy-clay,Ferrallitic,,dry season between May-Sep,,72,Afrotropics,Aw,Tropical rainforest
214,French Guiana,,Guyane,French Guiana,4.75,-53,,25.8,,,2757,,,,,,73,Neotropics,Af,Tropical rainforest
215,Piste de Saint-Elie (ECEREX),,"Para, Suriname???",French Guiana,5.25,-55.75,NI,26,,,3450,,,not given, ,Puig & DeLobelle 1988;  Lescure et al. 1983,74,Neotropics,Af,Tropical moist forest
216,Guyaflux,,Guyane,French Guiana,5.28,-52.91,35,25.75,,,2914,sandy loam,,,,"site references:Fluxnet,pers. Commun. Bonal,",75,Neotropics,Af,Tropical rainforest
217,La Sabanita (SA1),,Bolivar,Venezuela,5,-61,1150,20.6,,,2200,,,-,Primary forest,Priess and Folster 1994,76,Neotropics,Af,Tropical mountain system
218,CAP-10_Cape Three Points 10,,Western Region,Ghana,4.8,-2.05,68,25.6,,,1678,,,,,,77,Afrotropics,Aw,Tropical rainforest
219,CAP-09_Cape Three Points 9,,Western Region,Ghana,4.85,-2.1,126,26,,,1734,,,,,,77,Afrotropics,Aw,Tropical rainforest
220,OBE-10j_Oban East small plots,,Cross River,Nigeria,5.3,8.48,119,26.1,,,2612,,,,,,78,Afrotropics,Am,Tropical rainforest
221,OBE-84k_Oban East 84,,Cross River,Nigeria,5.3,8.49,125,26.1,,,2612,,,,,,78,Afrotropics,Am,Tropical rainforest
222,OBE-83k_Oban East 83,,Cross River,Nigeria,5.3,8.47,121,26,,,2601,,,,,,78,Afrotropics,Am,Tropical rainforest
223,EJA-04_Ejagham 4,,South-West Region,Cameroon,5.33,8.86,100,23.9,,,2706,,,,,,79,Afrotropics,Am,Tropical rainforest
224,EJA-05_Ejagham 5,,South-West Region,Cameroon,5.33,8.86,100,23.9,,,2706,,,,,,79,Afrotropics,Am,Tropical rainforest
225,GBO-03_Grebo F.R. 3,,River Gee,Liberia,5.39,-7.62,175,25.8,,,2353,,,,,,80,Afrotropics,Am,Tropical rainforest
226,GBO-08_Grebo F.R. 8,,River Gee,Liberia,5.39,-7.62,174,25.8,,,2353,,,,,,80,Afrotropics,Am,Tropical rainforest
227,GBO-01_Grebo F.R. 1,,River Gee,Liberia,5.39,-7.62,171,25.9,,,2350,,,,,,80,Afrotropics,Am,Tropical rainforest
228,GBO-11_Grebo F.R. 11,,River Gee,Liberia,5.39,-7.59,175,25.8,,,2315,,,,,,80,Afrotropics,Am,Tropical rainforest
229,GBO-02_Grebo F.R. 2,,River Gee,Liberia,5.4,-7.62,172,25.9,,,2350,,,,,,80,Afrotropics,Am,Tropical rainforest
230,GBO-10_Grebo F.R. 10,,River Gee,Liberia,5.4,-7.59,175,25.8,,,2324,,,,,,80,Afrotropics,Am,Tropical rainforest
231,GBO-04_Grebo F.R. 4,,River Gee,Liberia,5.4,-7.61,175,25.9,,,2329,,,,,,80,Afrotropics,Am,Tropical rainforest
232,GBO-16_Grebo F.R. 16,,River Gee,Liberia,5.4,-7.61,175,25.9,,,2319,,,,,,80,Afrotropics,Am,Tropical rainforest
233,GBO-14_Grebo F.R. 14,,River Gee,Liberia,5.41,-7.62,175,25.9,,,2338,,,,,,80,Afrotropics,Am,Tropical rainforest
234,GBO-15_Grebo F.R. 15,,River Gee,Liberia,5.41,-7.61,175,25.9,,,2329,,,,,,80,Afrotropics,Am,Tropical rainforest
235,GBO-18_Grebo F.R. 18,,River Gee,Liberia,5.41,-7.6,175,25.9,,,2319,,,,,,80,Afrotropics,Am,Tropical rainforest
236,GBO-13_Grebo F.R. 13,,River Gee,Liberia,5.41,-7.63,175,25.9,,,2338,,,,,,80,Afrotropics,Am,Tropical rainforest
237,GBO-19_Grebo F.R. 19,,River Gee,Liberia,5.41,-7.6,175,25.9,,,2299,,,,,,80,Afrotropics,Am,Tropical rainforest
238,GBO-20_Grebo F.R. 20,,River Gee,Liberia,5.41,-7.59,175,25.9,,,2299,,,,,,80,Afrotropics,Am,Tropical rainforest
239,L'Anguededou Forest,,Lagunes,Cote D'Ivoire,5.33,-4.17,50,26.9,,,1900,,,"well-drained, acid","""Mature tropical lowland forest""",Muller & Nielsen 1965,81,Afrotropics,Aw,Tropical rainforest
240,Banco plateau,,Lagunes,Cote D'Ivoire,5.38,-4.03,100,26.2,,,2095,,,Very sandy,elevation approx.- probably 50-100 m,"Huttel 1975. Bernhard-Reversat et al. 1972,1978",81,Afrotropics,Aw,Tropical rainforest
241,Banco Valley,,Lagunes,Cote D'Ivoire,5.38,-4.03,50,26.2,,,,,,Very sandy,elevation approx.- probably 50-100 m,Huttel 1975 (roots); Bernhard-Reversat et al. 1978 (everything else),81,Afrotropics,Aw,Tropical rainforest
242,BAN-01b_Banco IBP Plateau,,Lagunes,Cote D'Ivoire,5.53,-4.03,50,26.2,,,1683,,,,,,81,Afrotropics,Aw,Tropical rainforest
243,BAN-02b_Banco IBP Valley,,Lagunes,Cote D'Ivoire,5.53,-4.03,50,26.2,,,1683,,,,,,81,Afrotropics,Aw,Tropical rainforest
244,Yapo (Plateau),,Agneby,Cote D'Ivoire,5.7,-4.1,70,,,,1739,,,Gravelly top layer,elevation approx.- probably 50-100 m,"Huttel 1975. Bernhard-Reversat et al. 1972,1978",81,Afrotropics,Aw,Tropical rainforest
245,YAP-01b_Yapo IBP,,Sud-Bandama,Cote D'Ivoire,5.71,-4.99,70,26.8,,,1394,,,,,,82,Afrotropics,Aw,Tropical rainforest
246,DAD-31f_Dadieso 3 occasionally flooded,,Western Region,Ghana,5.97,-3.03,142,26.6,,,1658,,,,,,83,Afrotropics,Am,Tropical rainforest
247,DAD-32f_Dadieso 3 terra firme,,Western Region,Ghana,5.97,-3.03,142,26.6,,,1658,,,,,,83,Afrotropics,Am,Tropical rainforest
248,DAD-41g_Dadieso 4 occasionally flooded,,Western Region,Ghana,5.99,-3.03,178,26.5,,,1648,,,,,,83,Afrotropics,Am,Tropical rainforest
249,DAD-42g_Dadieso 4 terra firme,,Western Region,Ghana,5.99,-3.03,140,26.5,,,1648,,,,,,83,Afrotropics,Am,Tropical rainforest
250,LAT-01a_La Tene,,Fromager,Cote D'Ivoire,6.5,-5.33,70,26.3,,,1200,,,,,,84,Afrotropics,Aw,Tropical rainforest
251,Kade,,Eastern,Ghana,6.15,-0.92,150,26.5,,,1650,clay loam,Ultisol,Ultisol (paleudults of clay loam texture),moist semi-deciduous secondary forest,"site references:Nye & Greenland 1998, Nye 1961;Greenland and Kowal 1960",85,Afrotropics,Aw,Tropical rainforest
252,KDE-01h_Kade elluvial,,Eastern Region,Ghana,6.32,-0.92,170,25.6,,,1642,,,,,,85,Afrotropics,Aw,Tropical rainforest
253,KDE-02i_Kade colluvial,,Eastern Region,Ghana,6.32,-0.92,150,25.6,,,1642,,,,,,85,Afrotropics,Aw,Tropical rainforest
254,ASN-04_Asenanyo F.R. 4,,Ashanti,Ghana,6.48,-2.17,230,25.6,,,1434,,,,,,86,Afrotropics,Aw,Tropical rainforest
255,ASN-02_Asenanyo F.R. 2,,Ashanti,Ghana,6.56,-2.22,270,25.7,,,1416,,,,,,86,Afrotropics,Aw,Tropical rainforest
256,ASU-01_Asukese F.R. 1,,Brong-Ahafo,Ghana,7.14,-2.45,285,25.9,,,1212,,,,,,87,Afrotropics,Aw,Tropical rainforest
257,CVL-01_Cavalla 1,,Grand Gedeh,Liberia,6.19,-8.18,257,26.4,,,1958,,,,,,88,Afrotropics,Aw,Tropical rainforest
258,CVL-08_Cavalla 8,,Grand Gedeh,Liberia,6.19,-8.18,281,26.4,,,1958,,,,,,88,Afrotropics,Aw,Tropical rainforest
259,CVL-10_Cavalla 10,,Grand Gedeh,Liberia,6.19,-8.18,262,26.4,,,1958,,,,,,88,Afrotropics,Aw,Tropical rainforest
260,CVL-11_Cavalla 11,,Grand Gedeh,Liberia,6.19,-8.18,260,26.4,,,1958,,,,,,88,Afrotropics,Aw,Tropical rainforest
261,Omo forest reserve plantation chronosequence,,Ogun,Nigeria,6.833,4.375,123,26.5,19.5,32.5,1975,sandy loam/clay,Oxisol,The soils are predominantly ferruginous tropical and are found in the intensively weathered areas of the basement complex formations in the humid tropical rainforest region of south-western Nigeria.,,,89,Afrotropics,Aw,Tropical rainforest
262,Oluwa forest reserve plantation,,Ogun,Nigeria,7.125,4.1415,100,26,,,1950,sandy loam/clay,Oxisol,Soils are predominantly ferruginous tropical and are highly weathered and well drained.,,,90,Afrotropics,Aw,Tropical rainforest
263,Forest Research Institute P. caribaea plantation,Ibadan,Oyo,Nigeria,7.366667,3.916667,,26.825002,19.5,,1330,,,,,,90,Afrotropics,Aw,Tropical rainforest
264,Porce,,Antioquia,Colombia,6.75,-75.1,1500,23,,,2078,clay loam,,,,"site references:Sierra et al 2007,,",91,Neotropics,Af,Tropical mountain system
265,Porce II chronosequence 1,,Antioquia,Colombia,6.760278,-75.107778,1200,22.7,21.3,24.1,2078,,Entisol; Inceptisol,"Twenty soil series have been described in the site and grouped in two main orders: Entisol and Inceptisol. The most common soil subgroups are Ustoxic Dystropept, Typic Tropaquent, and Typic Tropopsamment.",,,91,Neotropics,Af,Tropical mountain system
266,Porce II chronosequence 2,,Antioquia,Colombia,6.760278,-75.107778,975,22.7,21.3,24.1,2078,,Entisol; Inceptisol,"Twenty soil series have been described in the site and grouped in two main orders: Entisol and Inceptisol. The most common soil subgroups are Ustoxic Dystropept, Typic Tropaquent, and Typic Tropopsamment.",,,91,Neotropics,Af,Tropical mountain system
267,Magdalena terraces secondary forest chronosequence,Barranca Bermeja,Satander,Columbia ,6.39,-73.56,200,23.67,,,3000, fine grained surface deposits of low to medium clay content (10-25%),Latosol,"The soils are acid (pH < 4) Latosols with low base content (0.2-1.5 m.e./100 g) and exchange capacity (2-4 m. e./100 g). They developed in stratified material, i.e. fine grained surface deposits of low to medium clay content (10-25%) usually covering a clayey (>35% clay) and dense terrace sediment of low porosity (<30 vol%).",,Folster et al. 1976 ,92,Neotropics,Af,Tropical mountain system
268,Magdalena terraces primary forest,Barranca Bermeja,Satander,Columbia ,6.39,-73.56,200,23.67,,,3000, fine grained surface deposits of low to medium clay content (10-25%),Latosol,"The soils are acid (pH < 4) Latosols with low base content (0.2-1.5 m.e./100 g) and exchange capacity (2-4 m. e./100 g). They developed in stratified material, i.e. fine grained surface deposits of low to medium clay content (10-25%) usually covering a clayey (>35% clay) and dense terrace sediment of low porosity (<30 vol%).",,Folster et al. 1976 ,92,Neotropics,Af,Tropical mountain system
269,"Eastern Panama Early Tropical Forests, age 2",Santa Fe,Darien,Panama,8.25,-77.75,,25.9,,,2000,,,Poorly drained alluvium,,,93,Neotropics,Af,Tropical moist forest
270,"Eastern Panama Early Tropical Forests, age 4-6",Santa Fe,Darien,Panama,8.25,-77.75,,25.9,,,2000,,,Imperfectly drained upland terrace,,,93,Neotropics,Af,Tropical moist forest
271,Darien-Rio Lara,,Darien,Panama,8.63,-78.13,250,25,,,2000,,,Margalitic dark clay,"Tropical moist (cuipo/bongo) well marked dry season. Study done in wet season. masl not given, but <250 m based on forest distrib. may be a transition between tropical dry and moist forest",Golley et al.,94,Neotropics,Af,Tropical moist forest
272,Darien-Premontane wet,,Darien,Panama,8.655,-78.125,NI,,,,,,,-,Tropical premontane wet,"Golley et al. 1973, others",94,Neotropics,Af,Tropical moist forest
273,Darien-Riverine,,Darien,Panama,8.655,-78.125,NI,,,,,,,-,Riverine,"Golley et al. 1973, others",94,Neotropics,Af,Tropical moist forest
274,Darien-Rio Sabana,,Darien,Panama,8.68,-78.12,250,25,,,2000,,,Margalitic dark clay,"Tropical moist (cuipo/bongo) well marked dry season. Study done in dry season. masl not given, but <250 m based on forest distrib. may be a transition between tropical dry and moist forest",Golley et al.,94,Neotropics,Af,Tropical moist forest
275,Osa,,Puntarenas,Costa Rica,8.71,-83.6,NI,,,,,clay loam,,,,"site references:Cleveland and Townsend 2006,,",95,Neotropics,Af,Tropical rainforest
276,Johnson et al 2000_moist_4,,Darien,Panama,9,-78,,27.11666,,,2295,,Vertisol,Vertisol. Dark gray or black; high montmorillonite; lime concretions,,,96,Neotropics,Aw,Tropical rainforest
277,Barro Colorado Island chronosequence,,Panama,Panama,9.15,-79.833,,26,,,2600,,,,,,97,Neotropics,Am,Tropical moist forest
278,Boqueron,,Colon,Panama,9.333333,-79.833333,,,,,2650,silty loam,,Light grey surface,on Lago Alajuela in Chagres National Park. 4 month long dry season from Dec-April,,97,Neotropics,Am,Tropical rainforest
279,Penas Blancas,,Colon,Panama,9.333333,-79.833333,,,,,2650,loam,,Reddish-yellow surface,on Lago Alajuela in Chagres National Park. 4 month long dry season from Dec-April,,97,Neotropics,Am,Tropical rainforest
280,Tranquilla,,Colon,Panama,9.333333,-79.833333,,,,,2650,loam,,Brownish-yellow surface,on Lago Alajuela in Chagres National Park. 4 month long dry season from Dec-April,,97,Neotropics,Am,Tropical rainforest
281,Aguas Claras,,Colon,Panama,9.333333,-79.833333,,,,,2650,slightly clayey loam,,Dark-yellowish-brown surface,in Soberania National Park.  4 month long dry season from Dec-April,,97,Neotropics,Am,Tropical rainforest
282,Mt. Kerigomma,,Eastern Highlands,Papua New Guinea,-6,145.18,2450,13,,,3985,,,Humic brown clay,Montane Rain Forest,"Edwards & Grubb 1977, Grubb 1977",24,Australasia,Af,Tropical mountain system
283,Khao Chong,,Trang,Thailand,7.58,99.8,NI,27.2,,,2696,,,-,Tropical rain forest,Kira et al. 1967,98,IndoMalay,Am,Tropical rainforest
284,San Eusebio,,Merida,Venezuela,8.62,-71.35,2500,13.95,,,1476.5,clay loam,,,,"site references:Grimm & Fassbender 1999,Fassbender & Grimm 1981, Grimm & Fassbender 1981",99,Neotropics,Cfb,Tropical mountain system
285,Venezuela: Rio Grande/KM92,,Anzoategui,Venezuela,9,-64,,25.5,,,2850,,,,,,100,Neotropics,Aw,Tropical moist forest
286,Venezuela: Carbonera,,Trujillo,Venezuela,9.5,-71,,15,,,1487,,,,,,101,Neotropics,Aw,Tropical moist forest
287,Venezuela: Caimital/Ticoporo,,Portuguesa,Venezuela,9.5,-70,,26,,,1500,,,,,,102,Neotropics,Aw,Tropical mountain system
288,Venezuela: Cero El Coco,,Miranda,Venezuela,10,-66,,27,,,800,,,,,,103,Neotropics,Aw,Tropical moist forest
289,Costa Rican Carribean,,Limon,Costa Rica,10,-83.5,200,26,,,5130,,Ultisol; Inceptisol,"Forests are found on soils that are Ultisols and Inceptisols, with <35% base saturation, these are deep, well drained, red or yellow in color and with relatively low fertility.",,,104,Neotropics,Af,Tropical rainforest
290,Parque Nacional Palo Verde: Área de Conservación Tempisque,Palo Verde,Guanacaste,Costa Rica,10.383618,-85.334663,,25,,,1444,,,Developed from alluvial areas along the floodplain and wetlands of the Tempisque River and the eroding limestone hills.,"Original coordinates (10.583, -85.583) not in Palo Verde. Original pub does not have coords. Replaced with coords from Google Maps for Parque Nacional Palo Verde",,105,Neotropics,Aw,Tropical moist forest
291,La Selva Biological Station.Vegetation map plots,Puerto Viejo de Sarapapiquí,Heredia,Costa Rica,10.43,-84,94,26,,,4000,,,,,Clark 1998,106,Neotropics,Af,Tropical rainforest
292,La Selva Biological Station.OTS plots,Puerto Viejo de Sarapapiquí,Heredia,Costa Rica,10.43,-83.983333,90,24,,,4000,,Inceptisol,,,Lieberman and Lieberman 1987; Lieberman and Lieberman 1994,106,Neotropics,Af,Tropical rainforest
293,La Selva Biological Station.CARBONO project,Puerto Viejo de Sarapapiquí,Heredia,Costa Rica,10.423333,-84.021111,115,24.6,,,4000,,Ultisol; Inceptisol,"Soils range from relatively fertile Inceptisols in riverine areas to low pH, low phosphorus Ultisols in upland area.",,,106,Neotropics,Am,Tropical rainforest
294,La Selva Biological Station,Puerto Viejo de Sarapapiquí,Heredia,Costa Rica,10.43,-83.98,85,24.75,,,4250,clay loam,,,,"site references:Clark 1998,,",106,Neotropics,Af,Tropical rainforest
295,Sarapiquí region chronosequence following pasture abandonment,Sarapiquí,Heredia,Costa Rica,10.433,-83.983,90,26.5,,,3900,,,,masl = average of elev of different aged sites in Letcher 2009 SuppTable,,106,Neotropics,Af,Tropical rainforest
296,Sarapiquí region chronosequence following rice paddy abandonment,Sarapiquí,Heredia,Costa Rica,10.433,-83.983,75,26.5,,,3900,,,,masl = average of elev of different aged sites in Letcher 2009 SuppTable,,106,Neotropics,Af,Tropical rainforest
297,Sarapiquí region chronosequence following slash-and-burn,Sarapiquí,Heredia,Costa Rica,10.433,-83.983,133,26.5,,,3900,,,,masl = average of elev of different aged sites in Letcher 2009 SuppTable,,106,Neotropics,Af,Tropical rainforest
298,Sarapiquí region old growth,Sarapiquí,Heredia,Costa Rica,10.433,-83.983,107,26.5,,,3900,,,,masl = average of elev of different aged sites in Letcher 2009 SuppTable,,106,Neotropics,Af,Tropical rainforest
299,Guaria Annex at La Selva,Puerto Viejo de Sarapapiquí,Heredia,Costa Rica,10.445,-84.025,50,24,,,4000,,Inceptisol,"Fluventic Dystropepts from volcanic alluvium. Deep, well drained, stone-free, acid, with low-medium organic matter before planting","ori coords (10 26N, 86 59W) fell in ocean. Used best judgment to obtain new coords",,106,Neotropics,Am,Tropical rainforest
300,Parque Nacional Santa Rosa: Área de Conservación Guanacaste,Santa Rosa,Guanacaste,Costa Rica,10.849995,-85.616711,,25,,,1765,,Entisol; Vertisol,"Dominated by entisols and vertisols, and are highly variable spatially.","Original coordinates (11.4, -86.033) fell in Nicaragua. Original pub does not have coords. Replaced with coords from Google Maps for Parque Nacional Santa Rosa",,107,Neotropics,Aw,Tropical moist forest
301,Venezuela: Mucuy,,Zulia,Venezuela,10.5,-71,,10.5,,,1968,,,,,,108,Neotropics,Aw,Tropical dry forest
302,Entre-Rios E. grandis x urophylla stand 7,Entre-Rios,Bahia,Brazil,-11.783333,-37.9,150,25.5,20.9,30,1143,sandy,Ultisol,Ultisol,,,109,Neotropics,Am,Tropical rainforest
303,Entre-Rios E. grandis x urophylla stand 3,Entre-Rios,Bahia,Brazil,-11.783333,-38.55,210,25.5,20.9,30,853,sandy,Oxisol,Oxisol,,,110,Neotropics,As,Tropical dry forest
304,Entre-Rios E. grandis x urophylla stand 5,Entre-Rios,Bahia,Brazil,-11.816667,-38.366667,220,25.5,20.9,30,902,sandy,Ultisol,Ultisol,,,110,Neotropics,As,Tropical dry forest
305,Entre-Rios E. grandis x urophylla stand 4,Entre-Rios,Bahia,Brazil,-11.85,-38.466667,250,25.5,20.9,30,935,sandy,Oxisol,Oxisol,,,110,Neotropics,As,Tropical dry forest
306,Entre-Rios E. grandis x urophylla stand 1,Entre-Rios,Bahia,Brazil,-11.916667,-38.533333,230,25.5,20.9,30,882,sandy,Entisol,Quartzipsamment,,,110,Neotropics,As,Tropical dry forest
307,Entre-Rios E. grandis x urophylla stand 2,Entre-Rios,Bahia,Brazil,-11.95,-38.483333,270,25.5,20.9,30,916,sandy,Entisol,Quartzipsamment,,,110,Neotropics,As,Tropical rainforest
308,Entre-Rios E. grandis x urophylla stand 10,Entre-Rios,Bahia,Brazil,-11.966667,-38.116667,180,25.5,20.9,30,1131,sandy,Ultisol,Ultisol,,,109,Neotropics,As,Tropical rainforest
309,Entre-Rios E. grandis x urophylla stand 6,Entre-Rios,Bahia,Brazil,-11.966667,-38.55,300,25.5,20.9,30,955,sandy,Entisol,Quartzipsamment,,,110,Neotropics,Aw,Tropical dry forest
310,Entre-Rios E. grandis x urophylla stand 11,Entre-Rios,Bahia,Brazil,-12,-38.233333,200,25.5,20.9,30,1054,sandy,Ultisol,Ultisol,,,109,Neotropics,Af,Tropical rainforest
311,Entre-Rios E. grandis x urophylla stand 8,Entre-Rios,Bahia,Brazil,-12.03333,-38.466667,310,25.5,20.9,30,958,sandy,Ultisol,Ultisol,,,109,Neotropics,Af,Tropical rainforest
312,Entre-Rios E. grandis x urophylla stand 9,Entre-Rios,Bahia,Brazil,-12.083333,-38.25,180,25.5,20.9,30,1008,sandy,Entisol,Quartzipsamment,,,109,Neotropics,Af,Tropical rainforest
313,Entre-Rios E. grandis x urophylla stand 14,Entre-Rios,Bahia,Brazil,-12.25,-38.95,100,25.5,20.9,30,1654,sandy,Ultisol,Ultisol,,,111,Neotropics,Af,Tropical dry forest
314,Entre-Rios E. grandis x urophylla stand 12,Entre-Rios,Bahia,Brazil,-12.266667,-38.85,50,25.5,20.9,30,1605,sandy,Entisol,Quartzipsamment,,,111,Neotropics,Af,Tropical dry forest
315,Entre-Rios E. grandis x urophylla stand 13,Entre-Rios,Bahia,Brazil,-12.3,-38.016667,80,25.5,20.9,30,1611,sandy,Ultisol,Ultisol,,,109,Neotropics,Af,Tropical rainforest
316,Ngong,Garoua,North Region,Cameroon,8.95,13.45,300,28.2,,,1050,sandy,Alfisol,"The soil, derived from sandstone of the middle Cretaceous, was classified as a ferruginous soil (alfisol) (Brabant and Gavaud, 1985). The soil was deep and well drained, poor in total C and total N, very sandy in the top layer but with an increasing clay content with depth",,,112,Afrotropics,Aw,Tropical dry forest
317,Northern Nigeria P. caribaea Plantation Chronosequence,Afaka,Kaduna,Nigeria,10.616667,7.25,610,25.1,14,35,1250,sandy loam,Phlintic Cambisol,plinthic cambisol,,,113,Afrotropics,Aw,Tropical moist forest
318,Tiogo T13,,Sanguie,Burkina Faso,12.263288,-2.761648,300,,16,40,785,,dystric gleysol,"dystric gleysol, ferruginous",dry season 5-7 months,,114,Afrotropics,BSh,Tropical dry forest
319,Gonse G10,,Kadiogo,Burkina Faso,12.399398,-1.303261,300,,16,40,735,,,ferruginous soil,dry season 5-7 months,,115,Afrotropics,BSh,Tropical dry forest
320,Gonse G5,,Kadiogo,Burkina Faso,12.399398,-1.303261,300,,16,40,735,,,ferruginous soil,dry season 5-7 months,,115,Afrotropics,BSh,Tropical dry forest
321,Sa S14,,Mouhoun,Burkina Faso,12.65,-3.28333,300,,16,40,679,,gleyic cambisol,"gleyic cambisol, ferruginous",dry season 5-7 months,,116,Afrotropics,BSh,Tropical dry forest
322,Bissiga B12,,Oubritenga,Burkina Faso,12.6833,-1.1667,300,,16,40,632,,ferric luvisol,"ferric luvisol, ferruginous",dry season 5-7 months,,117,Afrotropics,BSh,Tropical dry forest
323,Yabo Y13,,Sanmatenga,Burkina Faso,13,-1.5,300,,16,40,629,,eutric regosol,"eutric regosol, ferruginous",dry season 5-7 months,,118,Afrotropics,BSh,Tropical dry forest
324,Cheko,,Kaoh Kong,Cambodia,10.93,103.4,,27.8,,,3726,,,,,,119,IndoMalay,Am,Tropical rainforest
325,Kolli hill,,Tamil Nadu,India,11.2,78.3,,28.2,,,1440,,,,,,120,IndoMalay,Aw,Tropical shrubland
326,Bannadpare,,Karnataka,India,12.08,75.7,200,27,,,5310,,,Oxisol,Rain forest,"Rai and Proctor 1986a,b",121,IndoMalay,Am,Tropical rainforest
327,Kagneri,,Karnataka,India,12.82,75.6,500,28.6,,,6100,,,Oxisol,Rain forest,"Rai and Proctor 1986a,b",122,IndoMalay,Aw,Tropical rainforest
328,S. Bhadra,,Karnataka,India,13.25,75.25,800,,,,6520,,,Oxisol,Rain forest,"Rai and Proctor 1986a,b",123,IndoMalay,Aw,Tropical rainforest
329,Agumbe,,Karnataka,India,13.52,75.1,575,22.2,,,7670,,,Oxisol,Rain forest,"Rai and Proctor 1986a,b",124,IndoMalay,Aw,Tropical rainforest
330,Sakaerat,,Nakhon Ratchasima,Thailand,14.48,101.92,535,24.4,,,1482.5,sandy clay loam,Ultisol,,,"Saigusa et al 2008, asiaflux",125,IndoMalay,Aw,Tropical dry forest
331,Mae Klong,,Kanchanaburi,Thailand,14.58,98.85,160,25.4,,,1604,loam,Ultisol,,,"Saigusa et al 2008, asiaflux",126,IndoMalay,Am,Tropical dry forest
332,Thong Pha Phum NF,,Kanchanaburi,Thailand,14.67,98.68,,25,,,1650,,,,,,126,IndoMalay,Am,Tropical dry forest
333,Finca Los Murcielagos,Lake Izabal,Izabal,Guatemala,15.583333,-89.15,55,25.2,18.8,33.3,2004,clay,Oxisol; Inceptisol,"Paralleling the northern perimeter of the lake is a late Paleozoic and early Mesozoic serpentine block. An alluvial delta forms a large portion of Finca Los Murcielagos. In addition to terrestrial alluviums, Simmons, Tarano and Pinto (1959) have classified two soil series which are present at lower elevations along the north lake shoreline. The Sebach series, dark-brown clays, and the Guaipol series, red-brown clays, are developed wholly or in part on serpentine material. Most of the upland soils at Finca Los Murcielagos are Oxisols, with hydromorphic forms, and Inceptisols. Black-to-yellowish-brown clays derived from limestone, serpentine and other transported materials. Other soils are sand and gravel.",,,127,Neotropics,Am,Tropical rainforest
334,El Ocote biosphere preserve secondary forest,,Chiapas,Mexico,16.956,-93.6305,740,27.16,,,2000,,"Leptosol, Luvisol and Regosol","The soils are predominantly of alluvial origin, sedimentary rocks, limestone, sandstone, mudrock, limonite, intrusive rocks and conglomerates (Leptosols, Luvisols and Regosols).",,,128,Neotropics,Aw,Tropical rainforest
335,El Ocote biosphere preserve undisturbed forest,,Chiapas,Mexico,16.956,-93.6305,740,27.16,,,2000,,"Leptosol, Luvisol and Regosol","The soils are predominantly of alluvial origin, sedimentary rocks, limestone, sandstone, mudrock, limonite, intrusive rocks and conglomerates (Leptosols, Luvisols and Regosols).",,,128,Neotropics,Aw,Tropical rainforest
336,Acahual 1,Hidalgotitlan,Veracruz,Mexico,17.29,-94.58,150,25.775,,,3640,,Oxisol; Alfisol,"Soils are derived principally from sedimentary rocks of limestone, shale and sandstone, with Oxisols and Alfisols being the most comon soil types encountered.",,,129,Neotropics,Aw,Tropical rainforest
337,Acahual 2,Hidalgotitlan,Veracruz,Mexico,17.29,-94.58,150,25.775,,,3640,,Oxisol; Alfisol,"Soils are derived principally from sedimentary rocks of limestone, shale and sandstone, with Oxisols and Alfisols being the most comon soil types encountered.",,,129,Neotropics,Aw,Tropical rainforest
338,Arroyo Negro,Yucatán,Campeche,Mexico,17.883,-89.283,,25,,,1418,,,"Regionally, soils are shallow, calcareous, and highly permeable due to organic matter content and under- lying limestone bedrock.",,,130,Neotropics,Aw,Tropical moist forest
339,Eastern Jamaica,,Saint Catherine,Jamaica,18,-77,,24.4,,,1685,,,,,,131,Neotropics,Aw,Tropical rainforest
340,Blue Mtn. Mor Ridge,,Saint Andrew,Jamaica,18.08,-76.65,1615,15.8,,,2230,,,mor,Tropical montane,"Tanner 1977, 1980a,b,1985",132,Neotropics,Aw,Tropical mountain system
341,Blue Mtn. Mull Ridge,,Saint Andrew,Jamaica,18.08,-76.65,1600,15.5,,,2230,,,mull,Tropical montane,"Tanner 1977, 1980a,b,1985",132,Neotropics,Aw,Tropical mountain system
342,Blue Mtn.Gap Forest,,Saint Andrew,Jamaica,18.08,-76.65,1590,15.5,,,2230,,,-,Tropical montane,"Tanner 1977, 1980a,b,1985",132,Neotropics,Aw,Tropical mountain system
343,Blue Mtn.Wet Slope Forest,,Saint Andrew,Jamaica,18.08,-76.65,1570,15.3,,,2230,,,-,Tropical montane,"Tanner 1977, 1980a,b,1985",132,Neotropics,Aw,Tropical mountain system
344,Lajas Valley plantation,,Puerto Rico,United States of America,18,-67,100,25.46666667,,,1144.833333,clay,Vertisol,"Soils are intrzonal soils in the group planosol; Fraternidad clay; very-fine, montmorillonitic, isohyperthermic, Udic Chromustert; surface soil is very dark grayish-brown, friable, granular clay",,,133,Neotropics,Aw,Tropical moist forest
345,Pico del Este,,Puerto Rico,United States of America,18,-66.92,175,25.1,,,860,,,"Highly calcareous, rocky",Dry seasonal,"Lugo and Murphy 1986, Murphy and Lugo 1986.",133,Neotropics,Aw,Tropical moist forest
346,Southeastern Puerto Rico chronosequence,Guayama,Puerto Rico,United States of America,18.017,-66.083,640,21.5,,,2000,clay,Oxisol,"The dominant soil type in this region is classified as very fine, mixed, isothermic, Inceptic Hapludox in the Los Guineos series (Lugo-Lo´ pez et al. 1995). These soils are very deep and well-drained from sandstone parent material.",,,134,Neotropics,Am,Tropical rainforest
347,Cubuy Annex of the Luquillo Experimental Forest,,Puerto Rico,United States of America,18.283333,-65.883333,425,26.53,,,2500,clay/clay loams,Ultisol,Ultisols derived from volcanoclastic material with dioritic in- trusions,,,135,Neotropics,Am,Tropical rainforest
348,Guzman pine plantation,,Puerto Rico,United States of America,18.3,-66.833333,215,22.3,,,3920,clay,Ultisol,"Los Guineos clay and Yunque clay (clayey, mixed, isother- mic Epiaquic Palehumults)",,,136,Neotropics,Am,Tropical rainforest
349,Cubuy pine plantation,,Puerto Rico,United States of America,18.3,-66.833333,575,22.3,,,3920,clay,Ultisol,"Los Guineos clay (clayey, mixed, isothermic Epiaquic Tropohumults)",,,136,Neotropics,Am,Tropical rainforest
350,Sabana mahogany plantation,,Puerto Rico,United States of America,18.3,-66.833333,170,22.3,,,2330,clay,Ultisol,"Humatas clay (clayey, kaolinitic, isohyperthermic Typic Tropohumults)",,,136,Neotropics,Am,Tropical rainforest
351,El Verde mahogany plantation,,Puerto Rico,United States of America,18.3,-66.833333,200,22.3,,,3920,clay,Oxisol,"Catalina stony clay (clayey, oxidic, isohyperthermic, Tropeptic Haplorthox)",,,136,Neotropics,Am,Tropical rainforest
352,Guzman secondary forest,,Puerto Rico,United States of America,18.3,-66.833333,215,22.3,,,3920,clay,Ultisol,"Los Guineos clay and Yunque clay (clayey, mixed, isother- mic Epiaquic Palehumults)",,,136,Neotropics,Am,Tropical rainforest
353,Cubuy secondary forest,,Puerto Rico,United States of America,18.3,-66.833333,550,22.3,,,3920,clay,Ultisol,"Los Guineos clay (clayey, mixed, isothermic Epiaquic Tropohumults)",,,136,Neotropics,Am,Tropical rainforest
354,Sabana secondary forest,,Puerto Rico,United States of America,18.3,-66.833333,170,22.3,,,2330,clay,Ultisol,"Humatas clay (clayey, kaolinitic, isohyperthermic Typic Tropohumults)",,,136,Neotropics,Am,Tropical rainforest
355,El Verde secondary forest,,Puerto Rico,United States of America,18.3,-66.833333,200,22.3,,,3920,clay,Oxisol,"Catalina stony clay (clayey, oxidic, isohyperthermic, Tropeptic Haplorthox)",,,136,Neotropics,Am,Tropical rainforest
356,Luquillo Experimental Forest,El Verde,Puerto Rico,United States of America,18.3,-65.8,500,22.3,,,3760,clay,,,lat-long estimated from map in paper and google maps; more precise value may be possible. See Luyssaert?,,135,Neotropics,Am,Tropical mountain system
357,Colorado Forest,,Puerto Rico,United States of America,18.3,-65.7,725,,,,3725,,,-,Colorado forest,Weaver and Murphy 1990; Biotropica 22(1):69-82.,135,Neotropics,Am,Tropical rainforest
358,Luquillo,,Puerto Rico,United States of America,18.32,-65.82,170,23,,,1100,clay loam,,,,"site references:Lugo 1992,,",135,Neotropics,Am,Tropical rainforest
359,Luquillo 2,,Puerto Rico,United States of America,18.32,-65.82,NI,22.3,,,3500,clay loam,,,,"site references:Li et al 2004,,",135,Neotropics,Am,Tropical rainforest
360,Bisley,,Puerto Rico,United States of America,18.32,-65.82,355,,,,3500,,,-,Secondary tabonuco forest,Scatena et al 1996. Biotropica 28:424-440.,135,Neotropics,Am,Tropical rainforest
361,Luquillo Experimental Forest abandoned pastures,,Puerto Rico,United States of America,18.33,-65.73,125,25,,,3000,clay,Ultisol,Primary Ultisols in the Humatas series and Zarzal-Cristal complex.,,,135,Neotropics,Am,Tropical rainforest
362,Luquillo 3,,Puerto Rico,United States of America,18.42,-65.92,,19.7,,,1885,,,Prestoea montana,,,135,Neotropics,Am,Tropical moist forest
363,Toa Baja experiment station,,Puerto Rico,United States of America,18.45,-66.166667,,,,,1600,sand,Entisol,"The soils are well-drained, calcareous sands of marine origin (isohyperthermic typic troposamments) with a pH 7.0–8.0","wetter months occurring between July and December, and a dry season from February to June",,135,Neotropics,Am,Tropical rainforest
364,Cinnamon Bay,,Saint John Island,United States Virgin Islands,18.33,-64.789,175,24.8,23.1,26.3,1130,,,,"ori coords (19.33, -64.8 fell into ocean)",,137,Neotropics,Am,Tropical dry forest
365,Nicolas Bravo,Yucatán,Quintana Roo,Mexico,18.45,-88.93,,25,,,1114,,,"Regionally, soils are shallow, calcareous, and highly permeable due to organic matter content and under- lying limestone bedrock.",,,138,Neotropics,Aw,Tropical moist forest
366,Los Tuxtlas,,Veracruz,Mexico,18.58,-95.08,,27,,,4700,,,,,,139,Neotropics,Am,Tropical rainforest
367,Los Tuxtlas Primary forest,,Veracruz,Mexico,18.583333,-95.083333,200,27,16,32,2557,,Andosol,"Soils have been classified as well-drained, coarse- textured, vitric Andosols mixed with volcanic ash.",,,139,Neotropics,Am,Tropical rainforest
368,Los Tuxtlas S-0.5,,Veracruz,Mexico,18.583333,-95.083333,200,27,16,32,2557,,Andosol,"Soils have been classified as well-drained, coarse- textured, vitric Andosols mixed with volcanic ash.",,,139,Neotropics,Am,Tropical rainforest
369,Los Tuxtlas S-10,,Veracruz,Mexico,18.583333,-95.083333,200,27,16,32,2557,,Andosol,"Soils have been classified as well-drained, coarse- textured, vitric Andosols mixed with volcanic ash.",,,139,Neotropics,Am,Tropical rainforest
370,Los Tuxtlas S-16,,Veracruz,Mexico,18.583333,-95.083333,200,27,16,32,2557,,Andosol,"Soils have been classified as well-drained, coarse- textured, vitric Andosols mixed with volcanic ash.",,,139,Neotropics,Am,Tropical rainforest
371,Los Tuxtlas S-20a,,Veracruz,Mexico,18.583333,-95.083333,200,27,16,32,2557,,Andosol,"Soils have been classified as well-drained, coarse- textured, vitric Andosols mixed with volcanic ash.",,,139,Neotropics,Am,Tropical rainforest
372,Los Tuxtlas S-20b,,Veracruz,Mexico,18.583333,-95.083333,200,27,16,32,2557,,Andosol,"Soils have been classified as well-drained, coarse- textured, vitric Andosols mixed with volcanic ash.",,,139,Neotropics,Am,Tropical rainforest
373,Los Tuxtlas S-26,,Veracruz,Mexico,18.583333,-95.083333,200,27,16,32,2557,,Andosol,"Soils have been classified as well-drained, coarse- textured, vitric Andosols mixed with volcanic ash.",,,139,Neotropics,Am,Tropical rainforest
374,Los Tuxtlas S-30,,Veracruz,Mexico,18.583333,-95.083333,200,27,16,32,2557,,Andosol,"Soils have been classified as well-drained, coarse- textured, vitric Andosols mixed with volcanic ash.",,,139,Neotropics,Am,Tropical rainforest
375,Los Tuxtlas S-4,,Veracruz,Mexico,18.583333,-95.083333,200,27,16,32,2557,,Andosol,"Soils have been classified as well-drained, coarse- textured, vitric Andosols mixed with volcanic ash.",,,139,Neotropics,Am,Tropical rainforest
376,Los Tuxtlas S-50,,Veracruz,Mexico,18.583333,-95.083333,200,27,16,32,2557,,Andosol,"Soils have been classified as well-drained, coarse- textured, vitric Andosols mixed with volcanic ash.",,,139,Neotropics,Am,Tropical rainforest
377,Los Tuxtlas S-8a,,Veracruz,Mexico,18.583333,-95.083333,200,27,16,32,2557,,Andosol,"Soils have been classified as well-drained, coarse- textured, vitric Andosols mixed with volcanic ash.",,,139,Neotropics,Am,Tropical rainforest
378,Los Tuxtlas S-8b,,Veracruz,Mexico,18.583333,-95.083333,200,27,16,32,2557,,Andosol,"Soils have been classified as well-drained, coarse- textured, vitric Andosols mixed with volcanic ash.",,,139,Neotropics,Am,Tropical rainforest
379,El Refugio,Yucatán,Campeche,Mexico,18.816,-89.383,,25,,,892,,,"Regionally, soils are shallow, calcareous, and highly permeable due to organic matter content and under- lying limestone bedrock.",,,140,Neotropics,Aw,Tropical moist forest
380,Chamela 1,,Jalisco,Mexico,19.5,-105.02,70,24.9,,,707,clay,,,,"site references:Clarck et al 2001,,Martinez-Yrizar et al. 1996, Martinez-Yrizar et al. 1992",141,Neotropics,As,Tropical dry forest
381,Chamela 2,,Jalisco,Mexico,19.5,-105.02,130,24.95,,,743.5,clay,,,,"site references:Clarck et al 2001,,Martinez-Yrizar et al. 1996, Martinez-Yrizar et al. 1992",141,Neotropics,As,Tropical dry forest
382,Chamela 3,,Jalisco,Mexico,19.5,-105.02,150,24.9,,,707,clay,,,,"site references:Clarck et al 2001,,Martinez-Yrizar et al. 1996, Martinez-Yrizar et al. 1992",141,Neotropics,As,Tropical dry forest
383,El Eden Ecological Reserve fire chronosequence,,Quintana Roo,Mexico,21.216667,-87.183333,6,24.2,,,1650,,,limestone bedrock,"2500ha protected; 800ha mature forest, remaining is secondary",site ref: Gomez-Pompa 2003,142,Neotropics,Aw,Tropical moist forest
384,Bago Mountain swidden cultivation fallows chronosequence,Karen,Bago,Myanmar,18.875,95.891,350,27,,,1900,,Ultisol,Ultisols,,,143,IndoMalay,Aw,Tropical rainforest
385,Doi Inthanon,,Chiang Mai,Thailand,18.5248,98.4965,,20.9,,,1908,,,Evergreen forest,,,144,IndoMalay,Aw,Tropical mountain system
386,Johnson et al 2000_nonsandy subtropical_1,,Mae Hong Son,Thailand,19,98,,24.15833,,,1494,,Inceptisol-Oxisol,Inceptisol-Oxisol,,,145,IndoMalay,Aw,Tropical moist forest
387,Ping Kong,,Chiang Mai,Thailand,19.5,99,,24,,,1364,,,,,,146,IndoMalay,Aw,Tropical moist forest
388,S5,Co M?,Son La,Vietnam,21.383,103.649,1300,21.07,14,22,1277,,Ferralic Acrisols,"In this area, the dominant soil type is Ferralic Acrilsols, acidic soils with low base saturation and poor nutrient content. Humic Acrisols and Rhodic Ferralsols are also found occasionally.",,,147,IndoMalay,Cwa,Tropical mountain system
389,S7,Co M?,Son La,Vietnam,21.383,103.649,1300,21.07,14,22,1277,,Ferralic Acrisols,"In this area, the dominant soil type is Ferralic Acrilsols, acidic soils with low base saturation and poor nutrient content. Humic Acrisols and Rhodic Ferralsols are also found occasionally.",,,147,IndoMalay,Cwa,Tropical mountain system
390,S10,Co M?,Son La,Vietnam,21.383,103.649,1300,21.07,14,22,1277,,Ferralic Acrisols,"In this area, the dominant soil type is Ferralic Acrisols, acidic soils with low base saturation and poor nutrient content. Humic Acrisols and Rhodic Ferralsols are also found occasionally.",,,147,IndoMalay,Cwa,Tropical mountain system
391,S18,Co M?,Son La,Vietnam,21.383,103.649,1300,21.07,14,22,1277,,Ferralic Acrisols,"In this area, the dominant soil type is Ferralic Acrilsols, acidic soils with low base saturation and poor nutrient content. Humic Acrisols and Rhodic Ferralsols are also found occasionally.",,,147,IndoMalay,Cwa,Tropical mountain system
392,S26,Co M?,Son La,Vietnam,21.383,103.649,1300,21.07,14,22,1277,,Ferralic Acrisols,"In this area, the dominant soil type is Ferralic Acrilsols, acidic soils with low base saturation and poor nutrient content. Humic Acrisols and Rhodic Ferralsols are also found occasionally.",,,147,IndoMalay,Cwa,Tropical mountain system
393,S-old growth forest,Co M?,Son La,Vietnam,21.383,103.649,1300,21.07,14,22,1277,,Ferralic Acrisols,"In this area, the dominant soil type is Ferralic Acrilsols, acidic soils with low base saturation and poor nutrient content. Humic Acrisols and Rhodic Ferralsols are also found occasionally.",,,147,IndoMalay,Cwa,Tropical mountain system
394,Sambalpur University,,Odisha,India,21.5,83.5,NI,27,,,1135,clay,,,mixed deciduous tropical forest on a hillock,"site references:Behera et al 1990,,",148,IndoMalay,Aw,Tropical dry forest
395,Rampur,,Chhattisgarh,India,21.9,81.55,300,27.75,13.2,42.3,1200,clay,Entisol,The soil of the study area is red laterite derived from metamorphicrock with stones and ferruginous gravel and classifed as Entisols.,,,149,IndoMalay,Aw,Tropical dry forest
396,Anandgoan,,Chhattisgarh,India,21.9,81.55,300,27.75,13.2,42.3,1200,clay,Entisol,The soil of the study area is red laterite derived from metamorphicrock with stones and ferruginous gravel and classifed as Entisols.,,,149,IndoMalay,Aw,Tropical dry forest
397,Kusumi,,Chhattisgarh,India,21.9,81.55,300,27.75,13.2,42.3,1200,clay,Entisol,The soil of the study area is red laterite derived from metamorphicrock with stones and ferruginous gravel and classifed as Entisols.,,,149,IndoMalay,Aw,Tropical dry forest
398,Jianfengling 2,,Hainan,China,18.71,108.83,,22.6,,,2206,,,,"ori coords show up in Laos, new coords from gmaps",,150,IndoMalay,Aw,Tropical moist forest
399,Jianfengling,,Hainan,China,18.61,108.84,890,19.8,14.8,,2348.75,clay,,lateritic yellow soil,,,150,IndoMalay,Aw,Tropical moist forest
400,Jianfengling.Wufenqu.P8302,,Hainan,China,18.728889,108.893611,867,19.8,14.8,,2449,clay,,lateritic yellow soil,SOC = 1.10%,,150,IndoMalay,Aw,Tropical moist forest
401,Jianfengling.Wufenqu.P9201,,Hainan,China,18.729722,108.889722,893,19.8,14.8,,2449,clay,,lateritic yellow soil,SOC = 2.40%,,150,IndoMalay,Aw,Tropical moist forest
402,Limushan,,Hainan,China,19.23,109.82,,21.9,,,2366,,,,,,151,IndoMalay,Aw,Tropical moist forest
403,Baisha,,Guangxi,China,21.7,109.6,,23.8,,,1581,,,,,,152,IndoMalay,Cwa,Subtropical humid forest
404,Xishuangbanna,,Yunnan,China,21.95,101.025,,21,,,1532,,,,,,153,IndoMalay,Cwa,Tropical mountain system
405,Menglun Nature Reserve,Xishuangbanna,Yunnan,China,21.95,101.2,750,19.25,,,1487,clay,,"lateritic soil is derived from siliceous rocks, such as granite and gneiss, with pH value 4.5-5.5",,,153,IndoMalay,Cwa,Tropical mountain system
406,Pu’e,,Yunnan,China,23.2,100.85,,19.4,,,1250,,,,,,154,IndoMalay,Cwa,Subtropical mountain system
407,Dinghushan,Zhaoqing,Guangdong,China,23.13,112.58,,21.2,,,1713,,,,,,155,IndoMalay,Cfa,Subtropical humid forest
408,Dinghushan MEBF,Zhaoqing,Guangdong,China,23.15,112.5,260,20.9,,,1956,clay loam,,,,"site references:Yan et al 2006,,",155,IndoMalay,Cfa,Subtropical humid forest
409,Dinghushan MF,Zhaoqing,Guangdong,China,23.15,112.5,260,20.9,,,1956,clay loam,,,,"site references:Yan et al 2006,,",155,IndoMalay,Cfa,Subtropical humid forest
410,Dinghushan MPF,Zhaoqing,Guangdong,China,23.15,112.5,250,20.9,,,1956,clay loam,,,,"site references:Yan et al 2006,,",155,IndoMalay,Cfa,Subtropical humid forest
411,Dinghushan 7.pine forest,Zhaoqing,Guangdong,China,23.166667,112.55,225,21.4,,,1927,clay,,lateritic red soil,Reserve buffer zone,,155,IndoMalay,Cfa,Subtropical humid forest
412,Dinghushan 7.mixed forest,Zhaoqing,Guangdong,China,23.166667,112.55,300,21.4,,,1927,clay,,lateritic red soil,Reserve buffer zone,,155,IndoMalay,Cfa,Subtropical humid forest
413,Dinghushan 7.broadleaf forest,Zhaoqing,Guangdong,China,23.166667,112.55,285,21.4,,,1927,clay,,lateritic red soil,northeast slope of Sanbaofeng (follow elevation of Dinghushan 4,,155,IndoMalay,Cfa,Subtropical humid forest
414,Dinghushan (DHS),Zhaoqing,Guangdong,China,23.17,112.53,300,20.37,,,1481.67,,,"lateritic, sandy black soil",,,155,IndoMalay,Cfa,Subtropical humid forest
415,Dinghushan.Erythrophleum fordii community,Zhaoqing,Guangdong,China,23.18,112.53,200,21,,,1927,,,,,,155,IndoMalay,Cfa,Subtropical humid forest
416,Dinghushan.ravine,Zhaoqing,Guangdong,China,23.18,112.53,120,21,,,1927,,,,,,155,IndoMalay,Cfa,Subtropical humid forest
417,Dinghushan.lowland,Zhaoqing,Guangdong,China,23.18,112.53,300,21,,,1927,,,,,,155,IndoMalay,Cfa,Subtropical humid forest
418,Dinghushan.mountain,Zhaoqing,Guangdong,China,23.18,112.53,700,21,,,1927,,,,,,155,IndoMalay,Cfa,Subtropical humid forest
419,Dinghushan 4,Zhaoqing,Guangdong,China,23.18,112.53,285,21,,,1927,red soil,,,northeast slope of Sanbaofeng,,155,IndoMalay,Cfa,Subtropical humid forest
420,Dinghushan 5,Zhaoqing,Guangdong,China,23.18,112.53,NRA,21,,,1927,,,,,,155,IndoMalay,Cfa,Subtropical humid forest
421,Dinghushan 6,Zhaoqing,Guangdong,China,23.18,112.53,200,21,,,1927,red soil,,,,,155,IndoMalay,Cfa,Subtropical humid forest
422,Heishiding,,Guangdong,China,23.45,111.88,380,19.6,,,1744,red soil,,,"SOC = 2.66%; ori coords (23.45, 111.32) are in a different district",,156,IndoMalay,Cfa,Subtropical humid forest
423,Heishiding 2,,Guangdong,China,23.45,111.88,,20.5,,,1735,,,,,,156,IndoMalay,Cfa,Subtropical humid forest
424,Hawaii Site 5,,Hawaii,United States of America,19.75,-155.25,700,19.3,,,5800,clay loam,,Pahoehoe lava,Meterosideros forest,"site references:Clarck et al 2001,Raich et al. 1997",157,Oceania,Cfb,Tropical mountain system
425,Hawaii Site 6,,Hawaii,United States of America,19.75,-155.25,1660,13,,,2600,clay loam,,Pahoehoe lava,Meterosideros forest,"site references:Clarck et al 2001,Raich et al. 1997",157,Oceania,Cfb,Tropical mountain system
426,Hawaii Site 1,,Hawaii,United States of America,19.75,-155.25,290,22.2,,,4000,,,Pahoehoe lava,Meterosideros forest,Raich et al. 1997,157,Oceania,Cfb,Tropical mountain system
427,Hawaii Site 2,,Hawaii,United States of America,19.75,-155.25,700,19.3,,,5800,,,Pahoehoe lava,Meterosideros forest,Raich et al. 1997,157,Oceania,Cfb,Tropical mountain system
428,Hawaii Site 3,,Hawaii,United States of America,19.75,-155.25,1130,15.3,,,4400,,,Pahoehoe lava,Meterosideros forest,Raich et al. 1997,157,Oceania,Cfb,Tropical mountain system
429,Hawaii Site 4,,Hawaii,United States of America,19.75,-155.25,1660,13,,,2600,,,Pahoehoe lava,Meterosideros forest,Raich et al. 1997,157,Oceania,Cfb,Tropical mountain system
430,Pepeekeo,Pepeekeo,Hawaii,United States of America,19.841139,-155.124528,350,20.3,,,3500,clay,,,,"site references:Giardina et al 2003,Giardina et al 2004,",157,Oceania,Cfb,Tropical mountain system
431,Eucalyptus saligna plantation,Pepeekeo,Hawaii,United States of America,19.8411,-155.1245,350,21,,,4000,,,,,,157,Oceania,Cfb,Tropical mountain system
432,Laupahoehoe,,Hawaii,United States of America,19.95,-155.3,1170,16,,,2500,clay,Andisol,Andisol,Metrosideros polymorpha,"site references:Clarck et al 2001,Herbert and Fownes, 1999; Crews et al. 1995 for site data",157,Oceania,Cfb,Tropical mountain system
433,Kohala,,Hawaii,United States of America,20.14,-155.7,1122,16,,,2500,loam,Andisol,Andisol,Metrosideros polymorpha,"site references:Clark et al 2001,Herbert and Fownes, 1999; Crews et al. 1995 for site data",158,Oceania,Af,Tropical mountain system
434,Maui 1,,Hawaii,United States of America,20.805833,-156.255278,1300,16,,,2200,loam,Inceptisols; Andisols,located on shield volcano remnant surfaces of Haleakala volcano,forest canopy dominated by native evergreen tree Metrosideros polymorpha,,159,Oceania,Af,Tropical mountain system
435,Maui 2,,Hawaii,United States of America,20.807361,-156.252917,1300,16,,,2450,loam,Inceptisols; Andisols,located on shield volcano remnant surfaces of Haleakala volcano,forest canopy dominated by native evergreen tree Metrosideros polymorpha,"site references:Schuur et al 2003,,",159,Oceania,Af,Tropical mountain system
436,Maui 3,,Hawaii,United States of America,20.808333,-156.25,1300,16,,,2750,loam,Inceptisols; Andisols,located on shield volcano remnant surfaces of Haleakala volcano,forest canopy dominated by native evergreen tree Metrosideros polymorpha,"site references:Schuur et al 2003,,",159,Oceania,Af,Tropical mountain system
437,Maui 4,,Hawaii,United States of America,20.813194,-156.247083,1300,16,,,3350,loam,Inceptisols; Andisols,located on shield volcano remnant surfaces of Haleakala volcano,forest canopy dominated by native evergreen tree Metrosideros polymorpha,"site references:Schuur et al 2003,,",159,Oceania,Af,Tropical mountain system
438,Maui 5,,Hawaii,United States of America,20.813194,-156.240278,1300,16,,,4050,loam,Inceptisols; Andisols,located on shield volcano remnant surfaces of Haleakala volcano,forest canopy dominated by native evergreen tree Metrosideros polymorpha,"site references:Schuur et al 2003,,",159,Oceania,Af,Tropical mountain system
439,Maui 6,,Hawaii,United States of America,20.815139,-156.229722,1300,16,,,5050,loam,Inceptisols; Andisols,located on shield volcano remnant surfaces of Haleakala volcano,forest canopy dominated by native evergreen tree Metrosideros polymorpha,"site references:Schuur et al 2003,,",159,Oceania,Af,Tropical mountain system
440,Puu Kolekole,,Hawaii,United States of America,21.15,-156.8,1210,16,,,2500,,Oxisol,Oxisol,Metrosideros polymorpha,"site references:Clarck et al 2001,Herbert and Fownes, 1999; Crews et al. 1995 for site data",160,Oceania,As,Tropical mountain system
441,Kokee,,Hawaii,United States of America,22.05,-159.5,1134,16,,,2500,clay loam,Oxisol,Oxisol,Metrosideros polymorpha,"site references:Clarck et al 2001,Herbert and Fownes, 1999; Crews et al. 1995 for site data",161,Oceania,Af,Tropical mountain system
442,Agua Pudre plot E,,Amazonas,Colombia,-3.73,-70.4,105,25.5,,,2723,clay loam,Oxisol,,,Aragao et al 2009; Jiménez et al 2009,162,Neotropics,Af,Tropical rainforest
443,Agua Pudre plot U,,Amazonas,Colombia,-3.72,-70.3,110,25.5,,,2723,clay loam,Oxisol,,,Aragao et al 2009; Jiménez et al 2009,162,Neotropics,Af,Tropical rainforest
444,Cajunuma,,Loja,Ecuador,-4.12,-79.18,3060,9.399999619,,,4500,loam,Alfisol,,,Moser et al 2011,163,Neotropics,Cfb,Tropical mountain system
445,Caxiuana Terra Preta,,Para,Brazil,-1.72,-51.5,,26.89999962,,,2314,sandy clay loam,Inceptisol,,,Aragao et al 2009,38,Neotropics,Am,Tropical rainforest
446,Podocarpus 1,,Zamora Chinchipe,Ecuador,-4.12,-78.97,1050,19.39999962,,,2230,loam,Mollisol,,,Moser et al 2011,163,Neotropics,Cfb,Tropical mountain system
447,Podocarpus 2,,Zamora Chinchipe,Ecuador,-4.11,-78.97,1540,17.5,,,2300,loam,Mollisol,,,Moser et al 2011,163,Neotropics,Cfb,Tropical mountain system
448,Reserva Biologica San Francisco 1,,Zamora Chinchipe,Ecuador,-3.98,-79.1,1890,15.69999981,,,1950,loam,Alfisol,,,Moser et al 2011,163,Neotropics,Cfb,Tropical mountain system
449,Reserva Biologica San Francisco 2,,Zamora Chinchipe,Ecuador,-3.99,-79.1,2380,13.19999981,,,5000,loam,Alfisol,,,Moser et al 2011,163,Neotropics,Cfb,Tropical mountain system
450,San Pedro,,Cusco,Peru,-13.05,-71.54,1500,18.79999924,,,2631,loamy sand,Alfisol,,,Girardin et al 2010,164,Neotropics,Cfb,Tropical mountain system
451,Tono,,Cusco,Peru,-12.96,-71.56,1000,,,,,sandy loam,Alfisol,,,Girardin et al 2010,164,Neotropics,Cfb,Tropical mountain system
452,Trocha Union 3,,Cusco,Peru,-13.11,-71.6,3020,11.80000019,,,1776,loamy sand,Alfisol,,,Girardin et al 2010,164,Neotropics,Cfb,Tropical mountain system
453,Trocha Union 4,,Cusco,Peru,-13.11,-71.6,2720,13.5,,,2318,loamy sand,Alfisol,,,Girardin et al 2010,164,Neotropics,Cfb,Tropical mountain system
454,Trocha Union 7,,Cusco,Peru,-13.07,-71.56,2020,17.39999962,,,1827,loamy sand,Alfisol,,,Girardin et al 2010,164,Neotropics,Cfb,Tropical mountain system
455,Trocha Union 8,,Cusco,Peru,-13.07,-71.56,1855,18,,,2472,loamy sand,Alfisol,,,Girardin et al 2010,164,Neotropics,Cfb,Tropical mountain system
456,Wayqecha,,Cusco,Peru,-13.19,-71.59,3025,12.5,,,1706,sandy loam,Alfisol,,,Girardin et al 2010,164,Neotropics,Cfb,Tropical mountain system
457,Zafire,,Amazonas,Brazil,-4,-69.9,130,25.5,,,2723,silty clay loam,Oxisol,,,Aragao et al 2009; Jiménez et al 2009,165,Neotropics,Af,Tropical rainforest
458,Allpahuayo A ALP11/ALP12,,Loreto,Peru,-3.95,-73.4333,120,25.2,,,2689,sandy loam,Alisol/Gleysol,"This site is located on an infertile, sandy upper soil layer; however, there is evidence that tree roots may have access to a deeper, more fertile soil and thus contribute to the high productivity observed (P.V.A. Fine, personal communications).",,del Aguila-Pasquel et al. 2014,27,Neotropics,Af,Tropical rainforest
459,Allpahuayo C ALP30,,Loreto,Peru,-3.9543,-73.4267,150,25.2,,,2689,loamy sand,Arenosol,,,del Aguila-Pasquel et al. 2014,27,Neotropics,Af,Tropical rainforest
460,Kenia KEN01,,Santa Cruz,Bolivia,-16.02,-62.73,384,23.4,,,1310,sandy loam,Cambisol,Dry ecotone between forest and savanna,,Araujo-Murakami et al. 2014,166,Neotropics,Aw,Tropical moist forest
461,Kenia KEN02,,Santa Cruz,Bolivia,-16.02,-62.73,384,23.4,,,1310,sandy loam,Cambisol,Dry ecotone between forest and savanna,,Araujo-Murakami et al. 2014,166,Neotropics,Aw,Tropical moist forest
462,Caxiuana Control CAX04,,Para,Brazil,-1.72,-51.46,47,25.8,,,2311,loamy sand,Vetic Acrisol,,,da Costa et al. 2014,38,Neotropics,Af,Tropical rainforest
463,Caxiuana Tower CAX06,,Para,Brazil,-1.74,-51.46,47,25.8,,,2311,clay,Ferralsol,,,Doughty et al. 2014,38,Neotropics,Af,Tropical rainforest
464,Tanguro,,Mato Grosso,Brazil,-13.08,-52.3858,385,25,,,1770,sandy clay,Ferralsol,Soil data derived from a neighbouring site.,"semi-deciduous, seasonally dry tropical forest on infertile soil. transition forest between dry savannah and wetter evergreen forest",Rocha et al. 2014,167,Neotropics,Aw,Tropical moist forest
465,"Añangu, A1",,Orellana,Ecuador,-0.53,-76.43,250,25.77,,,3252,,ultisol,Seasonally flooded,Dry season length 0.31 mths,Korning (1992),44,Neotropics,Af,Tropical rainforest
466,"Añangu, A2",,Orellana,Ecuador,-0.53,-76.43,310,25.47,,,3252,,ultisol,terra firme,Dry season length 0.31 mths,Korning (1992),44,Neotropics,Af,Tropical rainforest
467,"Añangu, A3",,Orellana,Ecuador,-0.53,-76.43,370,25.17,,,3252,,ultisol,terra firme,Dry season length 0.31 mths,Korning (1992),44,Neotropics,Af,Tropical rainforest
468,BCI Putz & Milton,,Panama,Panama,9.17,-79.85,100,26.26,,,2912,,ultisol,terra firme,Dry season length 3.54 mths,,97,Neotropics,Am,Tropical moist forest
469,BCI 50 ha,,Panama,Panama,9.17,-79.85,130,26.11,,,2912,,ultisol,terra firme,Dry season length 3.54 mths,,97,Neotropics,Am,Tropical moist forest
470,Caqueta,,Amazonas,Colombia,-0.53,-72.1,200,26.88,,,3059,,ultisol,terra firme,Dry season length 0.38 mths,,168,Neotropics,Af,Tropical rainforest
471,Carajás,,Para,Brazil,-6,-50.5,170,25.64,,,1993,,younger oxisol,terra firme,Dry season length 4.9 mths,,169,Neotropics,Am,Tropical rainforest
472,CELOS 67/9A,,Para,Suriname,5.22,-55.67,66,26.81,,,2201,,ultisol,terra firme,Dry season length 2.9 mths,de Graaf et al. (1999),74,Neotropics,Af,Tropical moist forest
473,Cano Rosalba 1,,Zulia,Venezuela,9.25,-72,60,27.9,,,1324,,younger oxisol,terra firme,Dry season length 6 mths,Veillon (1985),170,Neotropics,Aw,Tropical rainforest
474,Cano Rosalba 2,,Zulia,Venezuela,9.25,-72,35,28.03,,,1324,,Pleistocene alluvial,terra firme,Dry season length 6 mths,Veillon (1985),170,Neotropics,Aw,Tropical rainforest
475,Cuyabeno,,Sucumbios,Ecuador,0,-76.2,265,25.72,,,3232,,inceptisol,terra firme,Dry season length 0.26 mths,,171,Neotropics,Af,Tropical rainforest
476,El Dorado km 91,,Bolivar,Venezuela,6.5,-61.5,210,26.62,,,1977,,younger oxisol,terra firme,Dry season length 3.46 mths,Veillon (1985),172,Neotropics,Am,Tropical rainforest
477,El Dorado km 98,,Bolivar,Venezuela,6.5,-61.5,380,25.77,,,1977,,younger oxisol,terra firme,Dry season length 3.46 mths,Veillon (1985),172,Neotropics,Am,Tropical rainforest
478,Infierno,,Madre de Dios,Peru,-12.73,-69.7,226,25.2,,,3232,,Holocene alluvial,terra firme,Dry season length 1.77 mths,,13,Neotropics,Af,Tropical rainforest
479,Jenaro High Restinga,,Loreto,Peru,-4.92,-73.73,116,26.69,,,2715,,entisol,Seasonally flooded (1 mo),Dry season length 0.97 mths,"Nebel et al.(2001a, b)",173,Neotropics,Af,Tropical rainforest
480,Jenaro Low Restinga,,Loreto,Peru,-4.92,-73.73,116,26.69,,,2715,,entisol,seasonally flooded (2 month),Dry season length 0.97 mths,"Nebel et al.(2001a, b)",173,Neotropics,Af,Tropical rainforest
481,Jenaro Tahuampa,,Loreto,Peru,-4.92,-73.73,116,26.69,,,2715,,entisol,Seasonally flooded (4 months),Dry season length 0.97 mths,"Nebel et al.(2001a, b)",173,Neotropics,Af,Tropical rainforest
482,Jenaro Herrera: Spichiger,,Loreto,Peru,-4.92,-73.73,116,26.69,,,2715,,ultisol,terra firme,Dry season length 0.97 mths,,173,Neotropics,Af,Tropical rainforest
483,Linhares,,Espirito Santo,Brazil,-19.2,-40.03,43,24.47,,,1183,,younger oxisol,terra firme,Dry season length 7.72 mths,,174,Neotropics,Aw,Tropical rainforest
484,Marabá,,Para,Brazil,-5.73,-49.05,90,26.64,,,1956,,younger oxisol,terra firme,Dry season length 5.33 mths,,175,Neotropics,Aw,Tropical rainforest
485,Mocambo,,Para,Brazil,-1.45,-48.45,24,26.63,,,2933,,older oxisol,terra firme,Dry season length 2.82 mths,Prance & Elias (1977),176,Neotropics,Af,Tropical rainforest
486,"Manu, M1",,Madre de Dios,Peru,-11.88,-71.35,312,24.77,,,3043,,Holocene alluvial,Rarely flooded,Dry season length 1.59 mths,,177,Neotropics,Af,Tropical rainforest
487,"Manu, M3",,Madre de Dios,Peru,-11.88,-71.35,312,24.77,,,3043,,Pleistocene alluvial,terra firme,Dry season length 1.59 mths,,177,Neotropics,Af,Tropical rainforest
488,"Manu, M4",,Madre de Dios,Peru,-11.88,-71.35,312,24.77,,,3043,,Pleistocene alluvial,terra firme,Dry season length 1.59 mths,,177,Neotropics,Af,Tropical rainforest
489,"Manu, Cocha Cashu Trail 12",,Madre de Dios,Peru,-11.88,-71.35,312,24.77,,,3043,,Holocene alluvial,Rarely flooded,Dry season length 1.59 mths,,177,Neotropics,Af,Tropical rainforest
490,"Manu, Cocha Cashu Trail 2 & 13",,Madre de Dios,Peru,-11.88,-71.35,312,24.77,,,3043,,Holocene alluvial,Rarely flooded,Dry season length 1.59 mths,,177,Neotropics,Af,Tropical rainforest
491,Mishana,,Loreto,Peru,-3.78,-73.5,114,26.34,,,2763,,Pleistocene alluvial,terra firme,Dry season length 0.77 mths,,27,Neotropics,Af,Tropical rainforest
492,Nouragues PP,,Guyane,French Guiana,4.08,-52.67,110,26.06,,,3205,,younger oxisol,terra firme,Dry season length 2.44 mths,,178,Neotropics,Af,Tropical rainforest
493,Nouragues GP,,Guyane,French Guiana,4.08,-52.67,110,26.06,,,3205,,younger oxisol,terra firme,Dry season length 2.44 mths,,178,Neotropics,Af,Tropical rainforest
494,"Pakitza, plot1",,Madre de Dios,Peru,-11.93,-71.25,313,24.76,,,3043,,Holocene alluvial,terra firme,Dry season length 1.59 mths,,177,Neotropics,Af,Tropical rainforest
495,"Pakitza, Manu River, plot2",,Madre de Dios,Peru,-11.93,-71.25,313,24.76,,,3043,,Holocene alluvial,terra firme,Dry season length 1.59 mths,,177,Neotropics,Af,Tropical rainforest
496,"Pakitza, Manu River, swamp",,Madre de Dios,Peru,-11.93,-71.25,313,24.76,,,3043,,waterlogged (histosol),Swamp,Dry season length 1.59 mths,,177,Neotropics,Af,Tropical rainforest
497,Paracou,,Guyane,French Guiana,5.25,-52.83,19,26.34,,,3000,,younger oxisol,terra firme,Dry season length 3.28 mths,,75,Neotropics,Af,Tropical rainforest
498,"Rio Grande, RG",,Bolivar,Venezuela,8,-61.75,270,25.62,,,1239,,younger oxisol,terra firme,Dry season length 6.33 mths,,179,Neotropics,Am,Tropical moist forest
499,"San Carlos de Rio Negro, SC1, Uhl",,Amazonas,Venezuela,1.93,-67.05,122,25.98,,,3093,,older oxisol,terra firme,Dry season length 0.33 mths,"Uhl & Murphy (1981), Uhl et al.(1988)",60,Neotropics,Af,Tropical rainforest
500,"San Carlos de Rio Negro, Veillon RN1-4, SC2",,Amazonas,Venezuela,1.75,-67,122,25.88,,,3093,,older oxisol,terra firme,Dry season length 0.33 mths,,60,Neotropics,Af,Tropical rainforest
501,"San Carlos de Rio Negro, SC3, MAB site",,Amazonas,Venezuela,1.75,-67,117,25.91,,,3093,,spodosol,terra firme,Dry season length 0.33 mths,,60,Neotropics,Af,Tropical rainforest
502,Tambopata plot 2 swamp,,Madre de Dios,Peru,-12.83,-69.28,207,25.2,,,2417,,Holocene alluvial (histosol),Swamp,Dry season length 3.46 mths,,12,Neotropics,Af,Tropical rainforest
