"Biome","variable.type","variable.diagram","mean","std","se","LCI","UCI","min","max","equation","n.records","n.plots","n.areas"
"Tropical broadleaf MATURE","flux","NEE",-0.91,1.9,0.15,-1.2,-0.63,-5.6,1.18338815789474,NA,28,14,13
"Tropical broadleaf MATURE","flux","GPP",31.47,5.56,0.35,30.79,32.15,19.7,40.465,NA,32,21,16
"Tropical broadleaf MATURE","flux","TBCF",NA,NA,NA,NA,NA,Inf,-Inf,NA,0,0,0
"Tropical broadleaf MATURE","flux","NPP",10.31,2.63,0.24,9.84,10.78,5.175,13.13,NA,31,24,11
"Tropical broadleaf MATURE","flux","NPP_woody",4.15,2.15,0.09,3.96,4.33,0.565,9.9,NA,51,51,23
"Tropical broadleaf MATURE","flux","NPP_understory",0.11,NA,NA,NA,NA,0.11,0.11,NA,1,1,1
"Tropical broadleaf MATURE","flux","ANPP",6.58,2.27,0.21,6.18,6.98,2.63,9.84,NA,28,21,11
"Tropical broadleaf MATURE","flux","ANPP_woody",3.19,1.16,0.13,2.93,3.44,1.1,4.85,NA,16,14,9
"Tropical broadleaf MATURE","flux","ANPP_stem",2.89,1.06,0.02,2.84,2.93,0.341666666666667,6,NA,169,163,49
"Tropical broadleaf MATURE","flux","ANPP_branch",0.75,0.35,0.04,0.69,0.82,0.08,1.215,NA,22,22,10
"Tropical broadleaf MATURE","flux","ANPP_foliage",2.97,0.79,0.02,2.92,3.01,1.53,5.06,NA,75,73,35
"Tropical broadleaf MATURE","flux","ANPP_litterfall",3.66,1.04,0.02,3.62,3.71,1.6168,5.7904,NA,121,120,50
"Tropical broadleaf MATURE","flux","ANPP_repro",0.33,0.16,0.01,0.31,0.34,0.11186,0.5452,NA,45,45,20
"Tropical broadleaf MATURE","flux","ANPP_folivory",0.54,0.42,0.05,0.44,0.64,0.165,1.44,NA,14,13,8
"Tropical broadleaf MATURE","flux","woody.mortality",2.39,0.91,0.08,2.23,2.55,1.222,3.713,NA,30,30,11
"Tropical broadleaf MATURE","flux","delta.agb",NA,NA,NA,NA,NA,Inf,-Inf,NA,0,0,0
"Tropical broadleaf MATURE","flux","BNPP",3.67,1.56,0.16,3.36,3.97,2,6.32,NA,23,20,10
"Tropical broadleaf MATURE","flux","BNPP_coarse",0.42,0.23,0.02,0.38,0.47,0.2209,0.96,NA,20,18,10
"Tropical broadleaf MATURE","flux","BNPP_fine",2.72,1.32,0.07,2.57,2.86,0.86,5.36,NA,36,31,18
"Tropical broadleaf MATURE","flux","R_eco",29.76,6.07,0.55,28.68,30.84,17.345,38.05,NA,21,12,11
"Tropical broadleaf MATURE","flux","R_auto",20.58,3.27,0.47,19.66,21.49,15.81,26.185,NA,10,10,7
"Tropical broadleaf MATURE","flux","R_auto_ag",NA,NA,NA,NA,NA,Inf,-Inf,NA,0,0,0
"Tropical broadleaf MATURE","flux","R_auto_wood",7.19,2.12,0.42,6.35,8.02,4.18,9.545,NA,8,8,5
"Tropical broadleaf MATURE","flux","R_auto_foliage",7.17,2.01,0.4,6.38,7.96,5.23,10.135,NA,8,8,5
"Tropical broadleaf MATURE","flux","R_root",NA,NA,NA,NA,NA,Inf,-Inf,NA,0,0,0
"Tropical broadleaf MATURE","flux","R_soil_het",9.01,2.22,0.32,8.39,9.63,7.15,13.665,NA,11,10,7
"Tropical broadleaf MATURE","flux","R_soil",14.01,4.26,0.43,13.17,14.84,10,24,NA,17,13,10
"Tropical broadleaf MATURE","stock","total.ecosystem",397.6,79.49,15.9,366.44,428.76,302,488,NA,5,5,5
"Tropical broadleaf MATURE","stock","total.ecosystem_2",257.5,96.62,16.1,225.94,289.06,161,399,NA,6,6,6
"Tropical broadleaf MATURE","stock","biomass",165.05,65.69,4.69,155.85,174.24,49.491,286.43,NA,30,19,14
"Tropical broadleaf MATURE","stock","biomass_ag",162.56,64.92,0.52,161.55,163.57,21.15,366.929,NA,370,299,126
"Tropical broadleaf MATURE","stock","biomass_ag_woody",138.53,36.98,6.16,126.45,150.61,106.428888894633,191.1336,NA,19,13,6
"Tropical broadleaf MATURE","stock","biomass_foliage",3.65,1.13,0.23,3.21,4.1,1.927,4.62574,NA,15,9,5
"Tropical broadleaf MATURE","stock","biomass_root",21.52,12.73,0.51,20.53,22.52,3.76,47.745,NA,40,38,25
"Tropical broadleaf MATURE","stock","biomass_root_coarse",28.77,3.92,1.96,24.93,32.61,26,31.537,NA,2,2,2
"Tropical broadleaf MATURE","stock","biomass_root_fine",4.08,3.78,0.47,3.15,5.01,0.22,9.4,NA,11,10,8
"Tropical broadleaf MATURE","stock","deadwood",15.53,11.57,0.58,14.4,16.66,2.256,47,NA,34,34,20
"Tropical broadleaf MATURE","stock","deadwood_standing",12.04,12.35,2.06,8.01,16.08,1.269,34.3,NA,9,9,6
"Tropical broadleaf MATURE","stock","deadwood_down",22.85,20.22,3.37,16.24,29.45,2.867,58.5135833333333,NA,9,9,6
"Tropical broadleaf MATURE","stock","organic.layer",5.08,6.67,0.74,3.63,6.53,1.551,22.701,NA,9,9,9
"Tropical broadleaf MATURE","stock","soil",173.38,80.89,10.11,153.56,193.2,56.3216666666667,257,NA,10,10,8
"Tropical broadleaf YOUNG","flux","NEE",-4.4,NA,NA,NA,NA,-4.4,-4.4,NA,1,1,1
"Tropical broadleaf YOUNG","flux","GPP",27.1,NA,NA,NA,NA,27.1,27.1,NA,1,1,1
"Tropical broadleaf YOUNG","flux","TBCF",NA,NA,NA,NA,NA,Inf,-Inf,NA,0,0,0
"Tropical broadleaf YOUNG","flux","NPP",10.61,1.81,0.91,8.83,12.39,9.33,11.8966666666667,NA,3,2,2
"Tropical broadleaf YOUNG","flux","NPP_woody",NA,NA,NA,NA,NA,Inf,-Inf,NA,0,0,0
"Tropical broadleaf YOUNG","flux","NPP_understory",NA,NA,NA,NA,NA,Inf,-Inf,NA,0,0,0
"Tropical broadleaf YOUNG","flux","ANPP",6.46,2.83,0.71,5.07,7.85,4.54725,10.62,"-0.56±2.58+log10(age)×5.47±1.28",17,8,4
"Tropical broadleaf YOUNG","flux","ANPP_woody",NA,NA,NA,NA,NA,Inf,-Inf,NA,0,0,0
"Tropical broadleaf YOUNG","flux","ANPP_stem",2.58,1.67,0.84,0.94,4.22,1.4,3.7629375,NA,9,9,2
"Tropical broadleaf YOUNG","flux","ANPP_branch",NA,NA,NA,NA,NA,Inf,-Inf,NA,0,0,0
"Tropical broadleaf YOUNG","flux","ANPP_foliage",2.2,0.57,0.19,1.83,2.58,1.87436,2.8623,NA,7,3,3
"Tropical broadleaf YOUNG","flux","ANPP_litterfall",3.71,1.01,0.2,3.32,4.11,2.3359,4.935,"0.57±0.76+log10(age)×2.24±0.38",28,8,5
"Tropical broadleaf YOUNG","flux","ANPP_repro",0.12,0.03,0.02,0.09,0.15,0.0987,0.1457,NA,2,2,2
"Tropical broadleaf YOUNG","flux","ANPP_folivory",NA,NA,NA,NA,NA,Inf,-Inf,NA,0,0,0
"Tropical broadleaf YOUNG","flux","woody.mortality",NA,NA,NA,NA,NA,Inf,-Inf,NA,0,0,0
"Tropical broadleaf YOUNG","flux","delta.agb",NA,NA,NA,NA,NA,Inf,-Inf,NA,0,0,0
"Tropical broadleaf YOUNG","flux","BNPP",2.94,2.25,1.12,0.74,5.14,1.35,4.53,NA,2,2,2
"Tropical broadleaf YOUNG","flux","BNPP_coarse",NA,NA,NA,NA,NA,Inf,-Inf,NA,0,0,0
"Tropical broadleaf YOUNG","flux","BNPP_fine",NA,NA,NA,NA,NA,Inf,-Inf,NA,0,0,0
"Tropical broadleaf YOUNG","flux","R_eco",22.7,NA,NA,NA,NA,22.7,22.7,NA,1,1,1
"Tropical broadleaf YOUNG","flux","R_auto",NA,NA,NA,NA,NA,Inf,-Inf,NA,0,0,0
"Tropical broadleaf YOUNG","flux","R_auto_ag",NA,NA,NA,NA,NA,Inf,-Inf,NA,0,0,0
"Tropical broadleaf YOUNG","flux","R_auto_wood",NA,NA,NA,NA,NA,Inf,-Inf,NA,0,0,0
"Tropical broadleaf YOUNG","flux","R_auto_foliage",NA,NA,NA,NA,NA,Inf,-Inf,NA,0,0,0
"Tropical broadleaf YOUNG","flux","R_root",NA,NA,NA,NA,NA,Inf,-Inf,NA,0,0,0
"Tropical broadleaf YOUNG","flux","R_soil_het",3.54,0.83,0.42,2.72,4.36,2.95,4.13,NA,2,2,2
"Tropical broadleaf YOUNG","flux","R_soil",9.02,0.95,0.48,8.09,9.96,8.35,9.7,NA,2,2,2
"Tropical broadleaf YOUNG","stock","total.ecosystem",NA,NA,NA,NA,NA,Inf,-Inf,NA,0,0,0
"Tropical broadleaf YOUNG","stock","total.ecosystem_2",NA,NA,NA,NA,NA,Inf,-Inf,NA,0,0,0
"Tropical broadleaf YOUNG","stock","biomass",66.93,72.85,7.29,52.65,81.21,13.6253,254.83,"12.82±17.32+log10(age)×48.26±3.77",63,46,10
"Tropical broadleaf YOUNG","stock","biomass_ag",44.29,38.86,0.86,42.6,45.98,5.01333333333333,220.5,"-15.82±3.93+log10(age)×56.41±2.74",445,353,45
"Tropical broadleaf YOUNG","stock","biomass_ag_woody",51.36,23.92,3.42,44.66,58.06,25.29728,83.11,"-9.48±8.70+log10(age)×44.93±5.08",38,34,7
"Tropical broadleaf YOUNG","stock","biomass_foliage",3.81,3.19,0.32,3.19,4.44,1.58703333333333,12.25,"1.54±0.89+log10(age)×2.34±0.30",60,47,10
"Tropical broadleaf YOUNG","stock","biomass_root",12.18,8.52,0.57,11.07,13.29,2.30065,34.4,"-0.27±1.71+log10(age)×10.96±0.91",101,94,15
"Tropical broadleaf YOUNG","stock","biomass_root_coarse",5.51,4.77,2.38,0.83,10.18,2.135794304,8.88095921052632,"-0.27±1.71+log10(age)×10.96±0.91",24,20,2
"Tropical broadleaf YOUNG","stock","biomass_root_fine",1.53,0.9,0.15,1.23,1.82,0.567525,2.91018125,NA,32,25,6
"Tropical broadleaf YOUNG","stock","deadwood",4.72,3.27,0.25,4.23,5.21,1.15602592592593,10.998,"1.62±1.30+log10(age)×2.65±0.95",123,114,13
"Tropical broadleaf YOUNG","stock","deadwood_standing",17.01,23.8,11.9,-6.31,40.33,0.188,33.84,NA,2,2,2
"Tropical broadleaf YOUNG","stock","deadwood_down",2.8,2.63,1.31,0.22,5.37,0.94,4.65582,NA,3,3,2
"Tropical broadleaf YOUNG","stock","organic.layer",4.83,3.57,0.45,3.95,5.7,1.25876444444444,12.69,"2.52±1.26+log10(age)×1.84±0.45",52,41,8
"Tropical broadleaf YOUNG","stock","soil",98.96,51.06,3.65,91.81,106.11,20.68,207.375,NA,109,90,14
"Temperate broadleaf MATURE","flux","NEE",-3.08,1.9,0.38,-3.83,-2.34,-5.09555555555556,-0.525,NA,23,5,5
"Temperate broadleaf MATURE","flux","GPP",16.02,5.28,1.32,13.43,18.61,11.2,23.4266666666667,NA,17,4,4
"Temperate broadleaf MATURE","flux","TBCF",NA,NA,NA,NA,NA,Inf,-Inf,NA,0,0,0
"Temperate broadleaf MATURE","flux","NPP",6.5,1.63,0.14,6.24,6.77,5.31,11.2284,NA,42,24,12
"Temperate broadleaf MATURE","flux","NPP_woody",2.91,2.11,0.53,1.88,3.95,0.665,5.59,NA,11,11,4
"Temperate broadleaf MATURE","flux","NPP_understory",0.47,0.01,0.01,0.46,0.48,0.46,0.476,NA,6,6,2
"Temperate broadleaf MATURE","flux","ANPP",4.41,1.08,0.11,4.2,4.62,2.705,6.29666666666667,NA,36,22,10
"Temperate broadleaf MATURE","flux","ANPP_woody",1.43,0.48,0.16,1.12,1.75,0.89,1.77,NA,13,13,3
"Temperate broadleaf MATURE","flux","ANPP_stem",1.8,1.08,0.13,1.54,2.07,0.376,3.38,NA,19,19,8
"Temperate broadleaf MATURE","flux","ANPP_branch",0.43,0.06,0.02,0.39,0.47,0.362,0.480068673050616,NA,16,14,3
"Temperate broadleaf MATURE","flux","ANPP_foliage",2.09,0.67,0.07,1.95,2.24,1.39919,3.737299,NA,20,20,9
"Temperate broadleaf MATURE","flux","ANPP_litterfall",3.2,1.37,0.23,2.75,3.65,0.8178,4.4522,NA,23,14,6
"Temperate broadleaf MATURE","flux","ANPP_repro",0.29,0.1,0.02,0.24,0.33,0.184,0.376,NA,9,9,4
"Temperate broadleaf MATURE","flux","ANPP_folivory",0.09,NA,NA,NA,NA,0.08836,0.08836,NA,1,1,1
"Temperate broadleaf MATURE","flux","woody.mortality",1.51,NA,NA,NA,NA,1.51280707692308,1.51280707692308,NA,3,1,1
"Temperate broadleaf MATURE","flux","delta.agb",1.35,NA,NA,NA,NA,1.3536,1.3536,NA,1,1,1
"Temperate broadleaf MATURE","flux","BNPP",1.7,1.27,0.11,1.49,1.91,0.58,4.6936,NA,29,24,12
"Temperate broadleaf MATURE","flux","BNPP_coarse",0.48,0.31,0.08,0.32,0.63,0.248571428571429,0.94,NA,18,14,4
"Temperate broadleaf MATURE","flux","BNPP_fine",3.04,1.75,0.35,2.36,3.73,1.45,5.46,NA,19,15,5
"Temperate broadleaf MATURE","flux","R_eco",13.17,5.73,1.43,10.37,15.98,9.7131,21.7383333333333,NA,17,4,4
"Temperate broadleaf MATURE","flux","R_auto",4.03,NA,NA,NA,NA,4.03,4.03,NA,1,1,1
"Temperate broadleaf MATURE","flux","R_auto_ag",NA,NA,NA,NA,NA,Inf,-Inf,NA,0,0,0
"Temperate broadleaf MATURE","flux","R_auto_wood",NA,NA,NA,NA,NA,Inf,-Inf,NA,0,0,0
"Temperate broadleaf MATURE","flux","R_auto_foliage",NA,NA,NA,NA,NA,Inf,-Inf,NA,0,0,0
"Temperate broadleaf MATURE","flux","R_root",6.65,NA,NA,NA,NA,6.65,6.65,NA,3,1,1
"Temperate broadleaf MATURE","flux","R_soil_het",6.32,3.09,0.77,4.81,7.83,3.35957116788321,10.24,NA,13,10,4
"Temperate broadleaf MATURE","flux","R_soil",12.47,3.14,0.79,10.93,14.01,8.34,15.68,NA,12,10,4
"Temperate broadleaf MATURE","stock","total.ecosystem",NA,NA,NA,NA,NA,Inf,-Inf,NA,0,0,0
"Temperate broadleaf MATURE","stock","total.ecosystem_2",NA,NA,NA,NA,NA,Inf,-Inf,NA,0,0,0
"Temperate broadleaf MATURE","stock","biomass",138.32,57.65,1.37,135.63,141.01,55.11,328.65,NA,58,58,42
"Temperate broadleaf MATURE","stock","biomass_ag",135.73,123.28,1.76,132.28,139.18,15.6666666666667,1053,NA,101,101,70
"Temperate broadleaf MATURE","stock","biomass_ag_woody",128.97,3.73,1.24,126.54,131.41,126.35997,133.244436,NA,7,7,3
"Temperate broadleaf MATURE","stock","biomass_foliage",3.78,2.46,0.49,2.82,4.75,1.44666,7.33623,NA,13,13,5
"Temperate broadleaf MATURE","stock","biomass_root",27.45,14,0.31,26.84,28.06,11,74.7,NA,64,64,45
"Temperate broadleaf MATURE","stock","biomass_root_coarse",24.21,9.56,1.91,20.46,27.96,14.1188,34.55299,NA,5,5,5
"Temperate broadleaf MATURE","stock","biomass_root_fine",3.02,1.53,0.31,2.42,3.62,1.6638,5.42,NA,5,5,5
"Temperate broadleaf MATURE","stock","deadwood",39.14,25.4,1.49,36.21,42.07,2.3,91.2,NA,23,23,17
"Temperate broadleaf MATURE","stock","deadwood_standing",0.16,0.23,0.11,-0.06,0.39,0,0.32289,NA,2,2,2
"Temperate broadleaf MATURE","stock","deadwood_down",NA,NA,NA,NA,NA,Inf,-Inf,NA,0,0,0
"Temperate broadleaf MATURE","stock","organic.layer",23.44,10.55,5.28,13.1,33.78,15.98,30.9,NA,3,3,2
"Temperate broadleaf MATURE","stock","soil",17.76,16.94,1.06,15.69,19.84,0.4,55.4,NA,21,21,16
"Temperate broadleaf YOUNG","flux","NEE",-2.15,2.34,0.26,-2.66,-1.64,-5.51333333333333,2.69,NA,43,11,9
"Temperate broadleaf YOUNG","flux","GPP",13.42,4.4,0.63,12.18,14.65,7.27,20.58,NA,33,7,7
"Temperate broadleaf YOUNG","flux","TBCF",7.24,NA,NA,NA,NA,7.24,7.24,NA,1,1,1
"Temperate broadleaf YOUNG","flux","NPP",6.4,2.18,0.2,6.01,6.79,2.0539,8.81,"9.95±1.25-log10(age)×2.08±0.56",67,17,11
"Temperate broadleaf YOUNG","flux","NPP_woody",4.23,2.78,1.39,1.51,6.96,2.26666666666667,6.19833333333333,NA,10,3,2
"Temperate broadleaf YOUNG","flux","NPP_understory",0.48,0.46,0.15,0.17,0.78,0,0.926095290251917,"-7.69±1.91+log10(age)×4.55±1.03",12,4,3
"Temperate broadleaf YOUNG","flux","ANPP",5.33,1.08,0.09,5.15,5.51,3.73086,7.24,NA,51,30,12
"Temperate broadleaf YOUNG","flux","ANPP_woody",2.77,0.99,0.25,2.29,3.26,1.96,4.22,NA,13,5,4
"Temperate broadleaf YOUNG","flux","ANPP_stem",2.87,1.17,0.13,2.62,3.13,1.32618333333333,4.66642857142857,NA,71,38,9
"Temperate broadleaf YOUNG","flux","ANPP_branch",0.99,1.07,0.36,0.29,1.69,0.17,2.2,NA,10,3,3
"Temperate broadleaf YOUNG","flux","ANPP_foliage",2.2,1.01,0.13,1.95,2.44,0.7097,3.38,"0.61±0.41+log10(age)×1.14±0.17",53,25,8
"Temperate broadleaf YOUNG","flux","ANPP_litterfall",3.19,NA,NA,NA,NA,3.1866,3.1866,NA,1,1,1
"Temperate broadleaf YOUNG","flux","ANPP_repro",0.12,NA,NA,NA,NA,0.115,0.115,NA,8,1,1
"Temperate broadleaf YOUNG","flux","ANPP_folivory",0.22,NA,NA,NA,NA,0.2175,0.2175,NA,8,1,1
"Temperate broadleaf YOUNG","flux","woody.mortality",NA,NA,NA,NA,NA,Inf,-Inf,NA,0,0,0
"Temperate broadleaf YOUNG","flux","delta.agb",NA,NA,NA,NA,NA,Inf,-Inf,NA,0,0,0
"Temperate broadleaf YOUNG","flux","BNPP",1.48,0.74,0.08,1.32,1.64,0.64108,3.045,NA,25,14,9
"Temperate broadleaf YOUNG","flux","BNPP_coarse",0.54,0.35,0.07,0.4,0.68,0.3,1.14,"0.94±0.24-log10(age)×0.29±0.08",34,9,5
"Temperate broadleaf YOUNG","flux","BNPP_fine",1.14,0.79,0.13,0.88,1.4,0.12549,1.905,"0.26±0.36+log10(age)×0.64±0.22",24,10,6
"Temperate broadleaf YOUNG","flux","R_eco",12.26,3.67,0.41,11.46,13.06,8.57,17.945,NA,43,10,9
"Temperate broadleaf YOUNG","flux","R_auto",13.07,NA,NA,NA,NA,13.075,13.075,NA,2,1,1
"Temperate broadleaf YOUNG","flux","R_auto_ag",NA,NA,NA,NA,NA,Inf,-Inf,NA,0,0,0
"Temperate broadleaf YOUNG","flux","R_auto_wood",NA,NA,NA,NA,NA,Inf,-Inf,NA,0,0,0
"Temperate broadleaf YOUNG","flux","R_auto_foliage",NA,NA,NA,NA,NA,Inf,-Inf,NA,0,0,0
"Temperate broadleaf YOUNG","flux","R_root",2.45,NA,NA,NA,NA,2.451,2.451,NA,1,1,1
"Temperate broadleaf YOUNG","flux","R_soil_het",4.34,1.8,0.36,3.63,5.04,2.31,6.94166666666667,NA,12,9,5
"Temperate broadleaf YOUNG","flux","R_soil",8.99,3.43,0.43,8.15,9.83,5.32,16.68,NA,53,23,8
"Temperate broadleaf YOUNG","stock","total.ecosystem",172.06,14.22,7.11,158.12,185.99,162,182.111111111111,NA,14,7,2
"Temperate broadleaf YOUNG","stock","total.ecosystem_2",NA,NA,NA,NA,NA,Inf,-Inf,NA,0,0,0
"Temperate broadleaf YOUNG","stock","biomass",114.85,58.15,1.35,112.2,117.5,20.96435,275.09,"-37.58±23.53+log10(age)×81.73±11.83",70,59,43
"Temperate broadleaf YOUNG","stock","biomass_ag",75.5,49.42,0.69,74.15,76.84,4.91134333333333,234.7,"-3.34±7.82+log10(age)×46.48±3.62",209,137,72
"Temperate broadleaf YOUNG","stock","biomass_ag_woody",60.05,47.3,3.15,53.87,66.23,2.82,159.1514,"-15.15±16.31+log10(age)×54.66±9.96",25,21,15
"Temperate broadleaf YOUNG","stock","biomass_foliage",1.95,1.58,0.09,1.78,2.13,0.45073,7.5999,"1.12±0.39+log10(age)×0.63±0.13",60,33,18
"Temperate broadleaf YOUNG","stock","biomass_root",24.35,10.96,0.25,23.85,24.85,3.81546,55.5,"3.74±7.77+log10(age)×11.06±4.11",59,55,43
"Temperate broadleaf YOUNG","stock","biomass_root_coarse",11.8,11.8,1.69,8.5,15.1,0.4452075,32.3,NA,25,16,7
"Temperate broadleaf YOUNG","stock","biomass_root_fine",1.74,1.76,0.35,1.05,2.44,0.0946938095238095,4.2676,"0.40±0.70+log10(age)×1.08±0.27",42,14,5
"Temperate broadleaf YOUNG","stock","deadwood",22.02,26.06,8.69,5,39.04,1.71,51.4,NA,19,15,3
"Temperate broadleaf YOUNG","stock","deadwood_standing",0.46,NA,NA,NA,NA,0.463285714285714,0.463285714285714,NA,7,7,1
"Temperate broadleaf YOUNG","stock","deadwood_down",4.74,NA,NA,NA,NA,4.7376,4.7376,NA,5,5,1
"Temperate broadleaf YOUNG","stock","organic.layer",5.64,3.69,0.61,4.44,6.85,1.78224,11.7388888888889,"-10.01±7.13+log10(age)×12.47±4.80",25,25,6
"Temperate broadleaf YOUNG","stock","soil",53.39,33.62,3.74,46.06,60.71,3.6989,123.3,NA,25,21,9
"Temperate conifer MATURE","flux","NEE",-0.5,1.67,0.28,-1.05,0.05,-2.36333333333333,2.31,NA,27,11,6
"Temperate conifer MATURE","flux","GPP",16.02,4.86,0.81,14.43,17.61,10.2,23.75,NA,18,11,6
"Temperate conifer MATURE","flux","TBCF",NA,NA,NA,NA,NA,Inf,-Inf,NA,0,0,0
"Temperate conifer MATURE","flux","NPP",5.16,1.59,0.27,4.64,5.68,3.12,7.445,NA,19,14,6
"Temperate conifer MATURE","flux","NPP_woody",NA,NA,NA,NA,NA,Inf,-Inf,NA,0,0,0
"Temperate conifer MATURE","flux","NPP_understory",0.13,0.13,0.02,0.1,0.17,0,0.39,NA,19,19,8
"Temperate conifer MATURE","flux","ANPP",3.61,1.32,0.13,3.35,3.87,1.625,5.955,NA,43,24,10
"Temperate conifer MATURE","flux","ANPP_woody",2.56,0.98,0.12,2.32,2.8,1.115,4.31,NA,20,20,8
"Temperate conifer MATURE","flux","ANPP_stem",2.16,1.03,0.13,1.91,2.42,0.925,4.08,NA,19,19,8
"Temperate conifer MATURE","flux","ANPP_branch",0.32,0.19,0.02,0.27,0.36,0.18,0.665,NA,19,19,8
"Temperate conifer MATURE","flux","ANPP_foliage",1.7,0.79,0.1,1.51,1.89,0.605,3.28,NA,17,17,8
"Temperate conifer MATURE","flux","ANPP_litterfall",NA,NA,NA,NA,NA,Inf,-Inf,NA,0,0,0
"Temperate conifer MATURE","flux","ANPP_repro",NA,NA,NA,NA,NA,Inf,-Inf,NA,0,0,0
"Temperate conifer MATURE","flux","ANPP_folivory",0.15,NA,NA,NA,NA,0.15,0.15,NA,1,1,1
"Temperate conifer MATURE","flux","woody.mortality",NA,NA,NA,NA,NA,Inf,-Inf,NA,0,0,0
"Temperate conifer MATURE","flux","delta.agb",NA,NA,NA,NA,NA,Inf,-Inf,NA,0,0,0
"Temperate conifer MATURE","flux","BNPP",1.44,0.71,0.12,1.21,1.68,0.66,2.48,NA,14,14,6
"Temperate conifer MATURE","flux","BNPP_coarse",0.86,0.46,0.06,0.75,0.97,0.34,1.74,NA,19,19,8
"Temperate conifer MATURE","flux","BNPP_fine",1.19,0.32,0.08,1.03,1.35,0.91,1.65333333333333,NA,9,9,4
"Temperate conifer MATURE","flux","R_eco",14.44,3.32,1.11,12.27,16.61,11.6828571428571,18.13,NA,10,3,3
"Temperate conifer MATURE","flux","R_auto",12.78,4.63,1.16,10.51,15.05,7.07,18.39,NA,9,9,4
"Temperate conifer MATURE","flux","R_auto_ag",NA,NA,NA,NA,NA,Inf,-Inf,NA,0,0,0
"Temperate conifer MATURE","flux","R_auto_wood",NA,NA,NA,NA,NA,Inf,-Inf,NA,0,0,0
"Temperate conifer MATURE","flux","R_auto_foliage",NA,NA,NA,NA,NA,Inf,-Inf,NA,0,0,0
"Temperate conifer MATURE","flux","R_root",NA,NA,NA,NA,NA,Inf,-Inf,NA,0,0,0
"Temperate conifer MATURE","flux","R_soil_het",4.67,1.63,0.41,3.87,5.47,2.275,5.77,NA,10,10,4
"Temperate conifer MATURE","flux","R_soil",11.25,4.41,1.1,9.09,13.41,7.3,15.5666666666667,NA,10,10,4
"Temperate conifer MATURE","stock","total.ecosystem",207.18,NA,NA,NA,NA,207.176666666667,207.176666666667,NA,15,15,1
"Temperate conifer MATURE","stock","total.ecosystem_2",NA,NA,NA,NA,NA,Inf,-Inf,NA,0,0,0
"Temperate conifer MATURE","stock","biomass",148,93.89,1.54,144.99,151.02,38.61,668.04,NA,155,155,61
"Temperate conifer MATURE","stock","biomass_ag",149.89,129.83,1.58,146.79,153,33.2196,720.51,NA,221,205,82
"Temperate conifer MATURE","stock","biomass_ag_woody",371.21,149.73,18.72,334.53,407.9,136.495,640.35,NA,22,22,8
"Temperate conifer MATURE","stock","biomass_foliage",8.56,3.46,0.38,7.81,9.32,2.625,12.72,NA,17,17,9
"Temperate conifer MATURE","stock","biomass_root",25.92,23.34,0.39,25.16,26.68,5,150.573333333333,NA,140,140,60
"Temperate conifer MATURE","stock","biomass_root_coarse",113.08,52.95,6.62,100.11,126.05,39.245,208.78,NA,18,18,8
"Temperate conifer MATURE","stock","biomass_root_fine",5.27,1.7,0.57,4.16,6.38,3.79333333333333,7.12333333333333,NA,8,8,3
"Temperate conifer MATURE","stock","deadwood",65.47,37.25,9.31,47.22,83.73,17.6706666666667,105.3,NA,22,22,4
"Temperate conifer MATURE","stock","deadwood_standing",NA,NA,NA,NA,NA,Inf,-Inf,NA,0,0,0
"Temperate conifer MATURE","stock","deadwood_down",NA,NA,NA,NA,NA,Inf,-Inf,NA,0,0,0
"Temperate conifer MATURE","stock","organic.layer",18.81,NA,NA,NA,NA,18.814,18.814,NA,15,15,1
"Temperate conifer MATURE","stock","soil",25.43,6.49,2.16,21.19,29.67,19.8,32.5273333333333,NA,18,18,3
"Temperate conifer YOUNG","flux","NEE",-1.44,2.44,0.24,-1.92,-0.97,-5.27,3.24,"5.71±1.50-log10(age)×5.68±0.94",27,13,10
"Temperate conifer YOUNG","flux","GPP",14.04,6.37,0.58,12.9,15.17,3.865,25.91,"3.41±3.40+log10(age)×8.57±1.98",28,14,11
"Temperate conifer YOUNG","flux","TBCF",6.57,0.62,0.31,5.97,7.18,6.14,7.01,NA,2,2,2
"Temperate conifer YOUNG","flux","NPP",6.12,2.87,0.48,5.19,7.06,2.335,9.46,NA,25,8,6
"Temperate conifer YOUNG","flux","NPP_woody",3.67,NA,NA,NA,NA,3.67428571428571,3.67428571428571,NA,7,1,1
"Temperate conifer YOUNG","flux","NPP_understory",0.32,0.18,0.02,0.29,0.36,0.02,0.53,"1.10±0.25-log10(age)×0.56±0.18",19,19,9
"Temperate conifer YOUNG","flux","ANPP",3.43,1.8,0.14,3.16,3.7,0.49,6.75,"-0.20±0.80+log10(age)×2.69±0.48",49,26,13
"Temperate conifer YOUNG","flux","ANPP_woody",2.71,1.5,0.14,2.44,2.98,0.35,5.17,"-0.14±0.89+log10(age)×2.06±0.60",23,23,11
"Temperate conifer YOUNG","flux","ANPP_stem",2.35,1.3,0.1,2.15,2.55,0.29,4.46,"-0.99±0.63+log10(age)×2.49±0.39",50,50,13
"Temperate conifer YOUNG","flux","ANPP_branch",0.46,0.39,0.04,0.39,0.53,0.07,1.3,"0.09±0.18+log10(age)×0.28±0.11",23,23,11
"Temperate conifer YOUNG","flux","ANPP_foliage",1.31,0.69,0.05,1.21,1.42,0.135,2.19333333333333,"-0.98±0.44+log10(age)×1.77±0.31",30,24,13
"Temperate conifer YOUNG","flux","ANPP_litterfall",NA,NA,NA,NA,NA,Inf,-Inf,NA,0,0,0
"Temperate conifer YOUNG","flux","ANPP_repro",NA,NA,NA,NA,NA,Inf,-Inf,NA,0,0,0
"Temperate conifer YOUNG","flux","ANPP_folivory",NA,NA,NA,NA,NA,Inf,-Inf,NA,0,0,0
"Temperate conifer YOUNG","flux","woody.mortality",NA,NA,NA,NA,NA,Inf,-Inf,NA,0,0,0
"Temperate conifer YOUNG","flux","delta.agb",NA,NA,NA,NA,NA,Inf,-Inf,NA,0,0,0
"Temperate conifer YOUNG","flux","BNPP",1.77,0.52,0.09,1.6,1.94,0.94,2.32,NA,8,8,6
"Temperate conifer YOUNG","flux","BNPP_coarse",0.74,0.45,0.04,0.66,0.83,0.11,1.53,"-0.34±0.23+log10(age)×0.80±0.15",21,21,10
"Temperate conifer YOUNG","flux","BNPP_fine",1.04,0.66,0.13,0.78,1.3,0.221428571428571,1.84,NA,13,7,5
"Temperate conifer YOUNG","flux","R_eco",10.72,3.57,0.45,9.85,11.6,4.665,16.6721453010949,NA,23,9,8
"Temperate conifer YOUNG","flux","R_auto",11.76,7.87,2.62,6.62,16.9,4.665,20.22,NA,5,5,3
"Temperate conifer YOUNG","flux","R_auto_ag",3,2.45,1.23,0.6,5.41,1.27,4.74,NA,2,2,2
"Temperate conifer YOUNG","flux","R_auto_wood",0.99,1.36,0.68,-0.34,2.32,0.03,1.95,NA,2,2,2
"Temperate conifer YOUNG","flux","R_auto_foliage",2.02,1.1,0.55,0.94,3.09,1.24,2.79,NA,2,2,2
"Temperate conifer YOUNG","flux","R_root",3.7,1.1,0.37,2.98,4.42,2.83,4.94,NA,4,4,3
"Temperate conifer YOUNG","flux","R_soil_het",3.86,1.07,0.12,3.63,4.09,2.0875,5.4,NA,14,14,9
"Temperate conifer YOUNG","flux","R_soil",10.67,5.62,0.51,9.67,11.67,5.59,22.15,NA,20,16,11
"Temperate conifer YOUNG","stock","total.ecosystem",159.58,NA,NA,NA,NA,159.584444444444,159.584444444444,NA,18,18,1
"Temperate conifer YOUNG","stock","total.ecosystem_2",NA,NA,NA,NA,NA,Inf,-Inf,NA,0,0,0
"Temperate conifer YOUNG","stock","biomass",91.9,68.51,2.74,86.53,97.27,3.34,370.345,"-100.65±29.12+log10(age)×110.46±14.99",56,46,25
"Temperate conifer YOUNG","stock","biomass_ag",77.05,76.07,1.65,73.81,80.29,5.63,460.41,"-89.70±21.40+log10(age)×98.16±11.08",144,116,46
"Temperate conifer YOUNG","stock","biomass_ag_woody",77.01,122.9,10.24,56.94,97.08,2.02,451.23,"-209.09±41.15+log10(age)×214.61±26.36",46,46,12
"Temperate conifer YOUNG","stock","biomass_foliage",4.79,3.27,0.27,4.25,5.32,0.67,9.26,"-5.12±1.61+log10(age)×7.68±1.07",23,23,12
"Temperate conifer YOUNG","stock","biomass_root",17.46,16.62,0.69,16.11,18.82,1.09,83.15,"-8.78±11.96+log10(age)×14.98±6.59",31,28,24
"Temperate conifer YOUNG","stock","biomass_root_coarse",24.63,36.79,3.07,18.63,30.64,0.54,128.9,"-73.43±13.32+log10(age)×72.97±8.58",26,25,12
"Temperate conifer YOUNG","stock","biomass_root_fine",3,2.64,0.38,2.26,3.74,0.6,8.27,NA,25,20,7
"Temperate conifer YOUNG","stock","deadwood",21.87,19.84,6.61,8.9,34.83,4.88372727272727,43.6797619047619,NA,50,50,3
"Temperate conifer YOUNG","stock","deadwood_standing",NA,NA,NA,NA,NA,Inf,-Inf,NA,0,0,0
"Temperate conifer YOUNG","stock","deadwood_down",NA,NA,NA,NA,NA,Inf,-Inf,NA,0,0,0
"Temperate conifer YOUNG","stock","organic.layer",12.94,5.08,1.69,9.63,16.26,7.08,15.9316666666667,NA,24,24,3
"Temperate conifer YOUNG","stock","soil",32.98,8.58,2.15,28.78,37.19,22.7636363636364,43.1,NA,37,37,4
"Boreal conifer MATURE","flux","NEE",-0.93,1,0.2,-1.32,-0.53,-2.7,-0.290077777777778,NA,29,7,5
"Boreal conifer MATURE","flux","GPP",6.79,2.82,0.56,5.69,7.9,2.1,9.11,NA,25,7,5
"Boreal conifer MATURE","flux","TBCF",3.82,NA,NA,NA,NA,3.82,3.82,NA,1,1,1
"Boreal conifer MATURE","flux","NPP",2.59,0.67,0.07,2.44,2.73,1.79666666666667,3.51,NA,26,16,9
"Boreal conifer MATURE","flux","NPP_woody",NA,NA,NA,NA,NA,Inf,-Inf,NA,0,0,0
"Boreal conifer MATURE","flux","NPP_understory",0.66,0.69,0.17,0.32,0.99,0.13,1.63666666666667,NA,11,11,4
"Boreal conifer MATURE","flux","ANPP",1.67,0.63,0.06,1.55,1.79,0.45,2.52,NA,23,21,10
"Boreal conifer MATURE","flux","ANPP_woody",0.82,0.39,0.06,0.7,0.95,0.21,1.34,NA,14,13,6
"Boreal conifer MATURE","flux","ANPP_stem",2.84,3.73,1.24,0.4,5.28,0.15,7.1,NA,3,3,3
"Boreal conifer MATURE","flux","ANPP_branch",0.06,NA,NA,NA,NA,0.06,0.06,NA,1,1,1
"Boreal conifer MATURE","flux","ANPP_foliage",0.57,0.25,0.04,0.5,0.64,0.27,0.95,NA,16,15,7
"Boreal conifer MATURE","flux","ANPP_litterfall",NA,NA,NA,NA,NA,Inf,-Inf,NA,0,0,0
"Boreal conifer MATURE","flux","ANPP_repro",NA,NA,NA,NA,NA,Inf,-Inf,NA,0,0,0
"Boreal conifer MATURE","flux","ANPP_folivory",NA,NA,NA,NA,NA,Inf,-Inf,NA,0,0,0
"Boreal conifer MATURE","flux","woody.mortality",NA,NA,NA,NA,NA,Inf,-Inf,NA,0,0,0
"Boreal conifer MATURE","flux","delta.agb",NA,NA,NA,NA,NA,Inf,-Inf,NA,0,0,0
"Boreal conifer MATURE","flux","BNPP",0.84,0.61,0.08,0.69,0.99,0.1,1.68,NA,15,14,8
"Boreal conifer MATURE","flux","BNPP_coarse",0.22,0.07,0.02,0.19,0.26,0.13,0.29,NA,6,6,4
"Boreal conifer MATURE","flux","BNPP_fine",1.36,0.53,0.11,1.15,1.57,0.48625,1.88,NA,14,13,5
"Boreal conifer MATURE","flux","R_eco",5.74,2.42,0.48,4.79,6.69,1.5,7.55142857142857,NA,22,6,5
"Boreal conifer MATURE","flux","R_auto",5.56,1.56,0.78,4.03,7.09,4.46,6.6648,NA,3,3,2
"Boreal conifer MATURE","flux","R_auto_ag",NA,NA,NA,NA,NA,Inf,-Inf,NA,0,0,0
"Boreal conifer MATURE","flux","R_auto_wood",NA,NA,NA,NA,NA,Inf,-Inf,NA,0,0,0
"Boreal conifer MATURE","flux","R_auto_foliage",NA,NA,NA,NA,NA,Inf,-Inf,NA,0,0,0
"Boreal conifer MATURE","flux","R_root",NA,NA,NA,NA,NA,Inf,-Inf,NA,0,0,0
"Boreal conifer MATURE","flux","R_soil_het",2.5,0.42,0.14,2.22,2.78,2.02666666666667,2.83343333333333,NA,7,7,3
"Boreal conifer MATURE","flux","R_soil",4,0.66,0.16,3.68,4.32,3.19,4.6,NA,7,7,4
"Boreal conifer MATURE","stock","total.ecosystem",29.15,NA,NA,NA,NA,29.15,29.15,NA,4,4,1
"Boreal conifer MATURE","stock","total.ecosystem_2",NA,NA,NA,NA,NA,Inf,-Inf,NA,0,0,0
"Boreal conifer MATURE","stock","biomass",100.36,59.88,1.76,96.91,103.81,12.8075,265.03,NA,50,49,34
"Boreal conifer MATURE","stock","biomass_ag",70.14,58.58,0.71,68.76,71.53,3,461.8,NA,243,124,83
"Boreal conifer MATURE","stock","biomass_ag_woody",51.66,28.99,2.9,45.97,57.34,7.2474,90.287,NA,14,12,10
"Boreal conifer MATURE","stock","biomass_foliage",3.15,1.68,0.15,2.85,3.45,0.4277,5.625,NA,18,17,11
"Boreal conifer MATURE","stock","biomass_root",18.26,6.39,0.19,17.88,18.64,3.8,30.8,NA,47,46,33
"Boreal conifer MATURE","stock","biomass_root_coarse",12.15,7.35,0.92,10.35,13.95,2.94333333333333,21.875,NA,13,12,8
"Boreal conifer MATURE","stock","biomass_root_fine",4.43,2.87,0.48,3.49,5.37,0.932166666666667,8.27,NA,11,10,6
"Boreal conifer MATURE","stock","deadwood",11,NA,NA,NA,NA,11,11,NA,1,1,1
"Boreal conifer MATURE","stock","deadwood_standing",6.88,6.7,2.23,2.5,11.26,2.636,14.6076,NA,5,5,3
"Boreal conifer MATURE","stock","deadwood_down",9.14,NA,NA,NA,NA,9.142,9.142,NA,1,1,1
"Boreal conifer MATURE","stock","organic.layer",19.44,25.13,12.57,-5.19,44.07,1.673,37.2162,NA,2,2,2
"Boreal conifer MATURE","stock","soil",12.82,11.91,5.96,1.15,24.49,4.4,21.244,NA,5,5,2
"Boreal conifer YOUNG","flux","NEE",-0.45,0.87,0.11,-0.66,-0.24,-1.97,0.95,NA,51,13,8
"Boreal conifer YOUNG","flux","GPP",6.63,1.85,0.26,6.12,7.15,4.24517857142857,9.184,"0.72±1.24+log10(age)×3.77±0.57",30,13,7
"Boreal conifer YOUNG","flux","TBCF",2.04,NA,NA,NA,NA,2.03666666666667,2.03666666666667,NA,3,3,1
"Boreal conifer YOUNG","flux","NPP",3.75,1.84,0.2,3.35,4.15,2.235,7.92,NA,44,35,9
"Boreal conifer YOUNG","flux","NPP_woody",NA,NA,NA,NA,NA,Inf,-Inf,NA,0,0,0
"Boreal conifer YOUNG","flux","NPP_understory",0.35,0.28,0.07,0.22,0.49,0.05,0.73,NA,17,17,4
"Boreal conifer YOUNG","flux","ANPP",2.21,1.08,0.11,2,2.42,1.12,4.267,NA,58,48,10
"Boreal conifer YOUNG","flux","ANPP_woody",1.66,1.02,0.13,1.4,1.91,0.633327250608272,3.256,NA,30,29,8
"Boreal conifer YOUNG","flux","ANPP_stem",0.89,0.49,0.12,0.65,1.13,0.29,1.4875,"-0.87±0.71+log10(age)×1.20±0.47",13,13,4
"Boreal conifer YOUNG","flux","ANPP_branch",0.27,0.19,0.09,0.08,0.45,0.1325,0.4,NA,9,9,2
"Boreal conifer YOUNG","flux","ANPP_foliage",0.65,0.26,0.03,0.59,0.71,0.34,1.025,NA,34,33,9
"Boreal conifer YOUNG","flux","ANPP_litterfall",NA,NA,NA,NA,NA,Inf,-Inf,NA,0,0,0
"Boreal conifer YOUNG","flux","ANPP_repro",NA,NA,NA,NA,NA,Inf,-Inf,NA,0,0,0
"Boreal conifer YOUNG","flux","ANPP_folivory",NA,NA,NA,NA,NA,Inf,-Inf,NA,0,0,0
"Boreal conifer YOUNG","flux","woody.mortality",NA,NA,NA,NA,NA,Inf,-Inf,NA,0,0,0
"Boreal conifer YOUNG","flux","delta.agb",NA,NA,NA,NA,NA,Inf,-Inf,NA,0,0,0
"Boreal conifer YOUNG","flux","BNPP",1.44,1.28,0.16,1.13,1.76,0.478571428571429,4.18,NA,34,33,8
"Boreal conifer YOUNG","flux","BNPP_coarse",0.23,0.16,0.03,0.17,0.28,0.0933333333333333,0.523333333333333,NA,18,18,6
"Boreal conifer YOUNG","flux","BNPP_fine",1.21,0.69,0.14,0.94,1.49,0.602,2.185,NA,18,17,5
"Boreal conifer YOUNG","flux","R_eco",5.98,1.84,0.26,5.46,6.49,3.6667,8.875,"1.74±1.13+log10(age)×2.70±0.47",27,11,7
"Boreal conifer YOUNG","flux","R_auto",5.96,1.77,0.89,4.22,7.7,4.70545,7.215,NA,4,4,2
"Boreal conifer YOUNG","flux","R_auto_ag",NA,NA,NA,NA,NA,Inf,-Inf,NA,0,0,0
"Boreal conifer YOUNG","flux","R_auto_wood",NA,NA,NA,NA,NA,Inf,-Inf,NA,0,0,0
"Boreal conifer YOUNG","flux","R_auto_foliage",NA,NA,NA,NA,NA,Inf,-Inf,NA,0,0,0
"Boreal conifer YOUNG","flux","R_root",NA,NA,NA,NA,NA,Inf,-Inf,NA,0,0,0
"Boreal conifer YOUNG","flux","R_soil_het",2.81,0.34,0.11,2.59,3.04,2.42,3.06,NA,5,5,3
"Boreal conifer YOUNG","flux","R_soil",4.37,1.09,0.22,3.94,4.79,2.7,5.63,"-0.18±1.75+log10(age)×2.77±1.07",11,8,5
"Boreal conifer YOUNG","stock","total.ecosystem",NA,NA,NA,NA,NA,Inf,-Inf,NA,0,0,0
"Boreal conifer YOUNG","stock","total.ecosystem_2",NA,NA,NA,NA,NA,Inf,-Inf,NA,0,0,0
"Boreal conifer YOUNG","stock","biomass",59.9,34.42,1.91,56.15,63.64,4.3569,139.15,"-172.25±48.11+log10(age)×128.01±25.90",50,50,18
"Boreal conifer YOUNG","stock","biomass_ag",53.67,24.96,0.66,52.38,54.96,2.9563,118.3,"-84.57±29.59+log10(age)×74.61±15.85",87,74,38
"Boreal conifer YOUNG","stock","biomass_ag_woody",35.98,34.32,3.81,28.51,43.45,2.8059,88.36,"-86.21±59.47+log10(age)×73.61±33.56",39,39,9
"Boreal conifer YOUNG","stock","biomass_foliage",2.3,1.18,0.13,2.05,2.56,0.1504,4.24980714285714,"-1.36±1.79+log10(age)×2.19±1.00",39,39,9
"Boreal conifer YOUNG","stock","biomass_root",13.23,6.6,0.39,12.47,13.99,5.3721,27.0166666666667,"-28.27±7.89+log10(age)×22.89±4.25",48,48,17
"Boreal conifer YOUNG","stock","biomass_root_coarse",10.79,7.97,1.59,7.67,13.92,1.4006,22.8425,"-33.90±13.27+log10(age)×24.74±6.98",21,21,5
"Boreal conifer YOUNG","stock","biomass_root_fine",2.43,1.38,0.35,1.76,3.11,0.453885714285714,3.663225,"-2.68±1.19+log10(age)×2.97±0.55",22,21,4
"Boreal conifer YOUNG","stock","deadwood",8.4,NA,NA,NA,NA,8.4,8.4,NA,1,1,1
"Boreal conifer YOUNG","stock","deadwood_standing",1.94,0.44,0.22,1.51,2.38,1.62902,2.25767857142857,NA,16,16,2
"Boreal conifer YOUNG","stock","deadwood_down",NA,NA,NA,NA,NA,Inf,-Inf,NA,0,0,0
"Boreal conifer YOUNG","stock","organic.layer",34.67,NA,NA,NA,NA,34.6743,34.6743,NA,1,1,1
"Boreal conifer YOUNG","stock","soil",NA,NA,NA,NA,NA,Inf,-Inf,NA,0,0,0
